ID,EN_TITLE,JP_TITLE,CLEAN_TITLE,LANGUAGE,ARTIST,GROUP_NAME,CATEGORY,PARODY,CHARACTER,TAGS,PAGES,UPLOAD_DATE,FORMATTED_DATE,SCRAPED_DATE
626931,[Doushoku (Kisaragi Nana)] Gal to Ore no Sounan Nikki ~Futarikiri no Mujintou de Icha Love Seikatsu~ | The Gal and My Stranded Diary ~Our Lovey-Dovey Life Alone on a Desert Island~ [English] [LKK•Scans],[どうしょく (如月なな)] ギャルと俺の遭難日記～二人きりの無人島でいちゃラブ生活～,Gal to Ore no Sounan Nikki| The Gal and My Stranded Diary,"english, translated",kisaragi nana,doushoku | doutei shokudou,doujinshi,,,"handjob, kissing, virginity, big breasts, swimsuit, big ass, nakadashi, ahegao, bikini, x-ray, lactation, gyaru, paizuri, impregnation, blowjob, big penis, sole female, sole male, ponytail, very long hair, multiple orgasms, extraneous ads",44,2026-02-01 00:03:04,2026-02-01 00:03:04,2026-02-02 14:00:09
626932,[Lonely Church (Suzunone Rena)] Ushi Kan R [Digital],[Lonely Church (鈴音れな)] 牛姦R [DL版],Ushi Kan R,japanese,suzunone rena,lonely church,doujinshi,original,,"big breasts, big nipples, group, milking, breast feeding, nakadashi, huge breasts, bondage, exhibitionism, x-ray, masked face, big areolae, lactation, cowgirl, rape, collar, kemonomimi, nipple stimulation",29,2026-02-01 00:04:58,2026-02-01 00:04:58,2026-02-02 14:00:10
626933,[Sakura Suishou (Yozakura Souki)] From Today The Lovely Lady Is The Master's Maid [English] [nasmas],[桜水晶 (夜桜ソウキ)] さいみ～んロリっ子令嬢は今日からご主人様のメイド,From Today The Lovely Lady Is The Master's Maid,"english, translated",yozakura souki,sakura suishou,doujinshi,original,,"maid, garter belt, mmf threesome, group, lolicon, defloration, mind control, incest, stockings, gothic lolita, filming, daughter, sole female",32,2026-02-01 00:07:09,2026-02-01 00:07:09,2026-02-02 14:00:10
626934,[Lonely Church (Suzunone Rena)] Namaiki Reijou ni Saimin Choukyou 2 [Digital],[Lonely Church (鈴音れな)] 生意気令嬢に催眠調教2 [DL版],Namaiki Reijou ni Saimin Choukyou 2,japanese,suzunone rena,lonely church,doujinshi,original,,"squirting, humiliation, cunnilingus, nakadashi, ahegao, freckles, sex toys, lolicon, mind control, multi-work series, dilf, bbm, sole female, sole male, twintails, very long hair, multiple orgasms, clit stimulation, mesugaki",29,2026-02-01 00:12:38,2026-02-01 00:12:38,2026-02-02 14:00:11
626935,[Lonely Church (Suzunone Rena)] Chocolate x Kanojo ~Tsundere Kanojo ga Choco o Tabetara...~ [Digital],[Lonely Church (鈴音れな)] ショコラ×カノジョ～ツンデレ彼女がチョコを食べたら～ [DL版],Chocolate x Kanojo,japanese,suzunone rena,lonely church,doujinshi,original,,"squirting, kissing, glasses, lolicon, stockings, sole female, sole male, twintails, very long hair",21,2026-02-01 00:16:47,2026-02-01 00:16:47,2026-02-02 14:00:12
626936,A  big-breasted Ikumi-chan who believes everything I say.,[サボテンビンタ (河上康)] 俺の言うことを何でも信じてくれるおっぱいが大きないくみちゃん 前編 [中国翻訳] [DL版],A  bigchan who believes everything I say.,"english, translated",,,doujinshi,,,"big breasts, rough translation, defaced",32,2026-02-01 01:02:15,2026-02-01 01:02:15,2026-02-02 14:00:12
626937,[Lonely Church (Suzunone Rena)] Namaiki Mesugaki ni Saimin Seisai - Soushuuhen - [Digital],[Lonely Church (鈴音れな)] 生意気メスガキに催眠制裁-総集編- [DL版],Namaiki Mesugaki ni Saimin Seisai,japanese,suzunone rena,lonely church,doujinshi,original,,"squirting, pregnant, unusual pupils, group, glasses, schoolgirl uniform, nakadashi, lolicon, defloration, mind control, stockings, filming, rape, teacher, impregnation, kemonomimi, twintails, soushuuhen, forced exposure, mesugaki",161,2026-02-01 01:32:42,2026-02-01 01:32:42,2026-02-02 14:00:13
626938,[Lonely Church (Suzunone Rena)] Namaiki Mesugaki ni Saimin Shidou - Soushuuhen [Digital],[Lonely Church (鈴音れな)] 生意気メスガキに催眠指導-総集編- [DL版],Namaiki Mesugaki ni Saimin Shidou - Soushuuhen,japanese,suzunone rena,lonely church,doujinshi,,,"squirting, swimsuit, pregnant, unusual pupils, glasses, netorare, schoolgirl uniform, breast feeding, nakadashi, bikini, lolicon, defloration, mind control, lactation, stockings, rape, teacher, impregnation, bbm, stomach deformation, out of order, sole male, twintails, soushuuhen, very long hair, clit stimulation, nipple stimulation, mesugaki",193,2026-02-01 02:07:43,2026-02-01 02:07:43,2026-02-02 14:00:14
626939,HellToYou -  [$10 tier] D (killer wife) Snapchat NTR request + Extras (32 images) [AI Generated],,HellToYou -DSnapchat NTR request + Extras,english,,,doujinshi,goddess of victory nikke,d killer wife,"misc, ai generated",32,2026-02-01 02:10:04,2026-02-01 02:10:04,2026-02-02 14:00:15
626940,[Gusha Suumitsuin (Akki Gedoumaru)] Chotto Ecchi na Ruishizuku Oukoku WIP (The Legend of Zelda),[愚者枢密院 (惡鬼外導丸)] ちょっとえっちな泪雫王国WIP (ゼルダの伝説),Chotto Ecchi na Ruishizuku Oukoku WIP,"english, translated",akki gedoumaru,gusha suumitsuin,doujinshi,the legend of zelda,princess zelda,"group, sole female, rough translation",33,2026-02-01 02:12:15,2026-02-01 02:12:15,2026-02-02 14:00:15
626941,[Otono Natsu] Natsumi Memorial - Mei & Natsumi (Love Live! Superstar!!),[音乃夏] 夏美メモリアル・メイ&夏美編 (ラブライブ! スーパースター!!) [英訳],Natsumi Memorial - Mei & Natsumi,"english, translated",otono natsu,,doujinshi,love live superstar,"shiki wakana, natsumi onitsuka, kinako sakurakoji, mei yoneme","swimsuit, females only, nudity only",13,2026-02-01 02:13:09,2026-02-01 02:13:09,2026-02-02 14:00:16
626942,[Fukuki Tete] Shigoto Nakama nan desu ga! All the Party Members are now Girls! Extra (Mesu no Hodo o Shire!!) [English] [GTF],,Shigoto Nakama nan desu ga! All the Party Members are now Girls! Extra,"english, translated",fukuki tete,,manga,,,"squirting, futanari, big breasts, corruption, nakadashi, moral degeneration, ahegao, demon girl, multi-work series, blowjob, gender bender, horns, tail, dickgirl on female, futanarization",11,2026-02-01 02:13:58,2026-02-01 02:13:58,2026-02-02 14:00:17
626943,(C107) [Rosaku Koubou (Rosaku)] なかよしは開拓者の部屋で (Honkai: Star Rail) [Chinese] [黎欧出资汉化],(C107) [ろっさく工房 (六作)] なかよしは開拓者の部屋で (崩壊:スターレイル) [中国翻訳],なかよしは開拓者の部屋で,"translated, chinese",rosaku,rosaku koubou,doujinshi,honkai star rail,"silver wolf, firefly",,22,2026-02-01 02:15:48,2026-02-01 02:15:48,2026-02-02 14:00:17
626944,[Anthology] Bitch de Kyonyuu na Onnanoko ga Ippai Anthology Comic [Digital],[アンソロジー] ビッチで巨乳な女の子がいっぱい！アンソロジーコミック [DL版],Bitch de Kyonyuu na Onnanoko ga Ippai Anthology Comic,japanese,ikue fuji,,manga,,,"big breasts, glasses, schoolgirl uniform, anthology, masked face, big areolae",150,2026-02-01 02:24:12,2026-02-01 02:24:12,2026-02-02 14:00:18
626945,[Alfre-Tori] Heroine Profile④,[あるふれっ鸟] ヒロインプロフィール④,Heroine Profile④,japanese,alfre-tori,,doujinshi,,,"big breasts, corruption, demon girl, multi-work series, small breasts, gender morph, gender change",21,2026-02-01 02:25:33,2026-02-01 02:25:33,2026-02-02 14:00:19
626946,[Seisui BAR] Isekai Tensei Shite Nouryoku de H na Koto suru Hanashi [Chinese] [狼姬个人汉化],[聖水BAR] 異世界転生して能力でＨなことする話 [中国翻訳],Isekai Tensei Shite Nouryoku de H na Koto suru Hanashi,"translated, chinese",,seisui bar,doujinshi,original,,"elf, wings, big breasts, time stop, vampire, group, big ass, unbirth, masturbation, nakadashi, snake girl, huge breasts, wolf girl, demon girl, hairy, lolicon, invisible, yuri, mind control, long tongue, lactation, angel, cowgirl, paizuri, giantess, sole male, kemonomimi, horns, large tattoo, very long hair, eye-covering bang, exposed clothing, painted nails, halo",76,2026-02-01 02:39:37,2026-02-01 02:39:37,2026-02-02 14:00:20
626947,[Aizome Gorou] Schism Ch. 1-4 [English] [Digital],[愛染五郎] すきずむ [DL版],Schism Ch. 1-4,"english, translated",aizome gorou,,manga,,,"inseki, kissing, big breasts, garter belt, nurse, group, glasses, schoolgirl uniform, nakadashi, anal, sex toys, ffm threesome, x-ray, incest, double penetration, lactation, stockings, small breasts, paizuri, cheerleader, lingerie, blowjob, sole male, twintails, shimaidon, anal intercourse, school gym uniform",91,2026-02-01 02:44:58,2026-02-01 02:44:58,2026-02-02 14:00:20
626948,"[Etuzan Jakusui] Steamy, All-Night Truck Driver",[越山弱衰] 徹勤蒸れ蒸れドライバー,"Steamy, All-Night Truck Driver",japanese,etuzan jakusui,,doujinshi,,,"big breasts, hairy, sole female, sole male",38,2026-02-01 02:47:24,2026-02-01 02:47:24,2026-02-02 14:00:21
626949,[Hitsuji no Udonya (Inamimi)] Muchi muchi Ten'nen Joshidai-sei no Dosukebe Jorei Taiken-roku,[ひつじのうどん屋 (いなみみ)] 無知むち天然女子大生のドスケベ除霊体験録,Muchi muchi Ten'nen Joshidairoku,japanese,inamimi,hitsuji no udonya,doujinshi,original,,"handjob, milf, kissing, big breasts, fundoshi, bbw, nakadashi, ahegao, hairy, x-ray, stockings, paizuri, dilf, big penis, bbm, sole female, sole male, shaved head, thick eyebrows",52,2026-02-01 02:50:39,2026-02-01 02:50:39,2026-02-02 14:00:21
626950,[Lonely Church (Suzunone Rena)] Namaiki Mesugaki ni Saimin Shidou - Soushuuhen [Digital],[Lonely Church (鈴音れな)] 生意気メスガキに催眠指導-総集編- [DL版],Namaiki Mesugaki ni Saimin Shidou - Soushuuhen,japanese,suzunone rena,lonely church,doujinshi,,,"squirting, swimsuit, pregnant, unusual pupils, glasses, netorare, schoolgirl uniform, breast feeding, nakadashi, bikini, lolicon, defloration, mind control, lactation, stockings, rape, teacher, impregnation, bbm, stomach deformation, sole male, twintails, soushuuhen, very long hair, clit stimulation, nipple stimulation, mesugaki",193,2026-02-01 03:25:57,2026-02-01 03:25:57,2026-02-02 14:00:22
626951,[Sakurafubuki Nel] Love Minimum [DLsite Bonus Image] [Digital],[桜吹雪ねる] らぶみにまむ【DLsite限定特典付き】[DL版],Love Minimum,japanese,sakurafubuki nel,,manga,,,"handjob, inseki, kissing, glasses, urination, nakadashi, anal, sex toys, niece, lolicon, x-ray, incest, tankoubon, stockings, pantyhose, fingering, bukkake, ball sucking, sister, dilf, blowjob, randoseru, bbm, ponytail, twintails, hidden sex",189,2026-02-01 04:02:57,2026-02-01 04:02:57,2026-02-02 14:00:23
626952,[EBA] Goblin no Ou ~Adauchi o Nasu Mono~ [Digital] [English] [MTL],,Goblin no Ou,"english, translated",eba,,manga,,,"big breasts, goblin, monster, big areolae, rape, inverted nipples, rough translation",232,2026-02-01 04:17:04,2026-02-01 04:17:04,2026-02-02 14:00:23
626953,[Toku Yakusou] Kan'i-gata-sei Dōi Apuri 『Pa Koru』,[特薬草] 簡易型性同意アプリ『パコル』,Kan'isei Dōi Apuri 『Pa Koru』,japanese,,,doujinshi,,,"big breasts, schoolboy uniform, big ass, schoolgirl uniform, full color, mosaic censorship",123,2026-02-01 04:24:49,2026-02-01 04:24:49,2026-02-02 14:00:24
626954,Finding a Lost Item,失くし物探します,Finding a Lost Item,japanese,,,doujinshi,jujutsu kaisen,"satoru gojo, kento nanami",yaoi,66,2026-02-01 04:28:39,2026-02-01 04:28:39,2026-02-02 14:00:25
626955,[Okusaka Maeue] Chiisana Oukoku (COMIC Mate Legend Vol.67 2026-02) [Chinese] [一匙咖啡豆汉化组] [Digital],[奥坂前上] [奥坂前上] 小さな王国 (コミック Mate legend Vol.67 2026年2月号) [中国翻訳] [DL版],Chiisana Oukoku,"translated, chinese",okusaka maeue,,manga,,,"pasties, lolicon, incest, stockings, mosaic censorship, daughter, sole female, sole male",20,2026-02-01 04:32:41,2026-02-01 04:32:41,2026-02-02 14:00:25
626956,[rboz] My happiness is at your side  - Fairy Tail DJ [en],,My happiness is at your side  - Fairy Tail DJ,english,rusky boz,,doujinshi,fairy tail,"gajeel redfox, levy mcgarden","piercing, full color, small breasts, sole female, sole male, comic",8,2026-02-01 04:33:20,2026-02-01 04:33:20,2026-02-02 14:00:26
626957,[Bronco Hitoritabi (Uchi-Uchi Keyaki)] Dainiji Boku no Watashi no Super Bobobbo Taisen ZZ - Cio Mar Mari 3 Oppai Kessen hen (Super Robot Wars) [English] [Digital],,Dainiji Boku no Watashi no Super Bobobbo Taisen ZZ - Cio Mar Mari 3 Oppai Kessen hen,"english, translated",uchi-uchi keyaki,bronco hitoritabi,doujinshi,super robot wars | super robot taisen,"marguerite pistail, ciony regis, marilyn catto",,72,2026-02-01 04:37:44,2026-02-01 04:37:44,2026-02-02 14:00:27
626958,[霊和電畸] 週末ハメ撮りシャックス,[霊和電畸] 週末ハメ撮りシャックス,週末ハメ撮りシャックス,japanese,shinkuukan | motoya shin,,doujinshi,,,"wings, filming, sole female, sole male, ponytail",32,2026-02-01 04:39:59,2026-02-01 04:39:59,2026-02-02 14:00:27
626959,"[Refrevo Comic (Harigane Shinshi)] Koibito wa Mahō Shōjo 〜 Etchi Shinaito Tsuyoku Narenainode, Fudan wa Seisona Kanojo o i Kase Makurimasu!?〜",[ふれぼコミック (針金紳士)] 恋人は魔法少女〜エッチしないと強くなれないので、普段は清楚な彼女をイかせまくります！？〜,"Koibito wa Mahō Shōjo 〜 Etchi Shinaito Tsuyoku Narenainode, Fudan wa Seisona Kanojo o i Kase Makurimasu!?〜",japanese,harigane shinshi,refrevo comic,doujinshi,,,"kissing, big breasts, unusual pupils, schoolboy uniform, schoolgirl uniform, x-ray, paizuri, mosaic censorship, tentacles, sole male, twintails",53,2026-02-01 04:43:15,2026-02-01 04:43:15,2026-02-02 14:00:28
626960,(C80) [Monaka Udon (Monikano)] Capture Trap ~Patchouli Knowledge~ (Touhou Project) [Chinese] [Wham1129个人汉化],(C80) [もなかうどん (モニカノ)] きゃぷちゃーとらっぷ ～パチュリー・ノーレッジ～ (東方Project) [中国翻訳],Capture Trap,"translated, chinese",monikano,monaka udon,doujinshi,touhou project,patchouli knowledge,"bdsm, gag, torture, pantyjob, machine, ahegao, ryona, sex toys, bondage, wooden horse, tickling, dark skin, whip, drugs, stockings, eyepatch, rape, shibari, sole female, rough translation",34,2026-02-01 04:45:19,2026-02-01 04:45:19,2026-02-02 14:00:29
626961,[Yokoshimanchi. (Ash Yokoshima)] Boku no Kawaii Kouhai wa Seiyoku Tsuyome no Chichi SeFri 2,[横島んち。(Ash横島)] 僕の可愛い後輩は性欲強めの乳セフレ2,Boku no Kawaii Kouhai wa Seiyoku Tsuyome no Chichi SeFri 2,japanese,ash yokoshima,yokoshimanchi.,doujinshi,,,"big breasts, unusual pupils, nakadashi, cosplaying, dark skin, multi-work series, tomboy, sole female, sole male, pixie cut",30,2026-02-01 04:47:18,2026-02-01 04:47:18,2026-02-02 14:00:29
626962,[玉之けだま] 玉之けだま ラフ＆線画集（COMIC快楽天 ビースト 2021年11月号 BEAST ワニマガジン社限定特典）,,玉之けだま ラフ＆線画集（COMIC快楽天 ビースト 2021年11月号 BEAST ワニマガジン社限定特典）,japanese,tamano kedama,,manga,,,,4,2026-02-01 04:47:47,2026-02-01 04:47:47,2026-02-02 14:00:30
626963,[Saigado] Meshibe no Sakihokoru Shima de - On An Island Where Pistils Bloom Book 1 Part 9 [Digital][Decensored][Incomplete],,Meshibe no Sakihokoru Shima de - On An Island Where Pistils Bloom Book 1 Part 9,"english, translated",saigado | ishoku dougen,,doujinshi,,,"milf, sweating, big breasts, glasses, uncensored, story arc, masturbation, nakadashi, hairy, x-ray, multi-work series, widow, blowjob, incomplete, sole male",17,2026-02-01 04:48:53,2026-02-01 04:48:53,2026-02-02 14:00:31
626964,[Saigado] Meshibe no Sakihokoru Shima de - On An Island Where Pistils Bloom Book 1 Part 8 [Digital][Decensored],,Meshibe no Sakihokoru Shima de - On An Island Where Pistils Bloom Book 1 Part 8,"english, translated",saigado | ishoku dougen,,manga,,,"handjob, milf, sweating, kissing, leg lock, big breasts, glasses, uncensored, story arc, breast feeding, nakadashi, ahegao, hairy, dark skin, x-ray, defloration, multi-work series, tanlines, bukkake, blowjob, sole male, oyakodon",21,2026-02-01 04:50:20,2026-02-01 04:50:20,2026-02-02 14:00:31
626965,[Nitta Jun] Younger Brother's Wife (Doutei Sotsugyou Ch1),,Younger Brother's Wife,"english, translated",nitta jun,,manga,,,"inseki, milf, big breasts, netorare, condom, hairy, incest, sister, big penis",21,2026-02-01 04:51:47,2026-02-01 04:51:47,2026-02-02 14:00:32
626966,"[Fujisawa Tatsurou] Geez, It's No Use! Here Comes The Tutor - My Dear Aunt (Hitozuma Hamegurui 4)",,"Geez, It's No Use! Here Comes The Tutor - My Dear Aunt","english, translated",fujisawa tatsurou,,manga,,,"inseki, milf, big breasts, bbw, big ass, cheating, nakadashi, mother, cousin, x-ray, incest, aunt, lingerie, bukkake, rape, big penis, sole male",20,2026-02-01 04:53:06,2026-02-01 04:53:06,2026-02-02 14:00:33
626967,[Sloghy] Adventurous affair (censored),,Adventurous affair,english,sloghy,,doujinshi,dragon ball,"vegeta, chi chi","milf, big breasts, blowjob",20,2026-02-01 04:54:25,2026-02-01 04:54:25,2026-02-02 14:00:33
626968,[Corruprotocol (EPLOOV)] Etsuraku no Rasen -Karada ni Kizamikomareru Inraku Kairo ni Tokasarete Sentouinka suru made- [English],[Corruprotocol (EPLOOV)] 悦楽の螺旋 -身体に刻みこまれる淫楽回路に蕩かされて戦闘員化するまで-,Etsuraku no Rasen,"english, translated",eploov,corruprotocol,doujinshi,,,"transformation, monster girl, females only, cervix penetration, sex toys, femdom, yuri, bodysuit, mind break, collar, yandere, crotch tattoo, large tattoo, nipple stimulation",13,2026-02-01 04:55:21,2026-02-01 04:55:21,2026-02-02 14:00:34
626969,[豆] 心優しき王女,[豆] 心優しき王女,心優しき王女,japanese,mame,,doujinshi,,,sole female,4,2026-02-01 05:00:41,2026-02-01 05:00:41,2026-02-02 14:00:35
626970,[豆] 昼と夜,[豆] 昼と夜,昼と夜,japanese,mame,,doujinshi,,,"stockings, mosaic censorship, blowjob, blindfold, sole female, gloves",4,2026-02-01 05:01:06,2026-02-01 05:01:06,2026-02-02 14:00:35
626971,[猋.] Sensual Letters情色的信书 (JoJo's Bizarre Adventure - Golden Wind) [Chinese],,Sensual Letters情色的信书,chinese,,,doujinshi,jojos bizarre adventure | jojo no kimyou na bouken,"diavolo, vinegar doppio","males only, yaoi",24,2026-02-01 05:02:39,2026-02-01 05:02:39,2026-02-02 14:00:36
626972,[synchron] 陰キャの彼女がエロ自撮りを送ってきた,[synchron] 陰キャの彼女がエロ自撮りを送ってきた,陰キャの彼女がエロ自撮りを送ってきた,japanese,synchroaki,,doujinshi,,,"big breasts, sole female, sole male, eye-covering bang",2,2026-02-01 05:03:07,2026-02-01 05:03:07,2026-02-02 14:00:36
626973,[synchron] 保健体育で大人の身体の仕組みを教えてくれる先生,[synchron] 保健体育で大人の身体の仕組みを教えてくれる先生,保健体育で大人の身体の仕組みを教えてくれる先生,japanese,synchroaki,,doujinshi,,,"full color, sole female",4,2026-02-01 05:03:28,2026-02-01 05:03:28,2026-02-02 14:00:37
626974,[synchron] 喧嘩の後はいつも獣みたいな激しい交尾してるカップル ２ページ＋文字無し差分２枚,[synchron] 喧嘩の後はいつも獣みたいな激しい交尾してるカップル ２ページ＋文字無し差分２枚,喧嘩の後はいつも獣みたいな激しい交尾してるカップル ２ページ＋文字無し差分２枚,japanese,synchroaki,,doujinshi,,,"sole female, sole male",4,2026-02-01 05:03:53,2026-02-01 05:03:53,2026-02-02 14:00:38
626975,[Toku Yakusou] Kan'i-gata-sei Dōi Apuri 『Pa Koru』,[特薬草] 簡易型性同意アプリ『パコル』,Kan'isei Dōi Apuri 『Pa Koru』,japanese,,,doujinshi,,,"big breasts, schoolboy uniform, big ass, schoolgirl uniform, mind control, full color, mosaic censorship",124,2026-02-01 05:11:05,2026-02-01 05:11:05,2026-02-02 14:00:39
626976,[Otonano Do-wa (Takei Masaki)] Otonano Do-wa Vol. 27 [English] [MTL],,Otonano Do-wa Vol. 27,"japanese, english",takei masaki | yamada tarou kamei,,doujinshi,,,glasses,36,2026-02-01 05:13:33,2026-02-01 05:13:33,2026-02-02 14:00:39
626977,[Kouzuki Rio] Imouto Saimin Choukyou Manual | The Manual of Hypnotizing Your Sister Ch. 4 [English],[香月りお] 妹催眠調教マニュアル 第4話 [英訳],Imouto Saimin Choukyou Manual | The Manual of Hypnotizing Your Sister Ch. 4,"english, translated",kouzuki rio,,manga,,,"schoolgirl uniform, stockings, rough translation",40,2026-02-01 05:16:03,2026-02-01 05:16:03,2026-02-02 14:00:40
626978,[Otono Natsu] Natsumi Memorial - Kinako (Love Live! Superstar!!),[音乃夏] 夏美メモリアル・きな子編 (ラブライブ! スーパースター!!),Natsumi Memorial - Kinako,"japanese, english, translated",otono natsu,,doujinshi,love live superstar,"shiki wakana, kinako sakurakoji, mei yoneme","females only, exhibitionism, yuri, nudity only",11,2026-02-01 05:16:48,2026-02-01 05:16:48,2026-02-02 14:00:41
626979,[Touka Genteki] Ikenie Dolls ~Henreihin ni Sareta Watashitachi~ [Chinese] [BLUE氪个人翻译],[凍佳玄的] 生贄ドールズ 〜返礼品にされたワタシたち〜[中国翻訳],Ikenie Dolls,"translated, chinese",touka genteki,,manga,,,"gag, piercing, pregnant, enema, bondage, defloration, masked face, inflation, tankoubon, pantyhose, human cattle, mosaic censorship, rape, collar, large tattoo",190,2026-02-01 05:28:03,2026-02-01 05:28:03,2026-02-02 14:00:41
626980,(C107) [Plant (Tsurui) Wasurerarenai Yoru ni Shite (THE iDOLM@STER: Shiny Colors) [Chinese],(C107) [PLANT (鶴井)] 忘れられない夜にして (アイドルマスター シャイニーカラーズ) [中国翻訳],(C107) [Plant (Tsurui) Wasurerarenai Yoru ni Shite (THE iDOLM@STER: Shiny Colors) [Chinese],"translated, chinese",tsurui,plant,doujinshi,the idolmaster,"producer, natsuha arisugawa","sole female, sole male, extraneous ads",41,2026-02-01 06:02:55,2026-02-01 06:02:55,2026-02-02 14:00:42
626981,[Ahemad] 24sai douteiga [jukujyowo sefureni suru houho] no kijiwo sankouni 36sai hitozumato ecchishimasu,[Ahemad] 24歳童貞が「熟女をセフレにする方法」の記事を参考に36歳人妻とえっちします,24sai douteigano kijiwo sankouni 36sai hitozumato ecchishimasu,japanese,,,doujinshi,,,"milf, virginity, big breasts, condom, ahegao, hairy, x-ray, blowjob, muscle, sole female, sole male, nipple stimulation",35,2026-02-01 06:05:08,2026-02-01 06:05:08,2026-02-02 14:00:42
626982,"[takaya (Fukuhara Takaya)] Ero Influcencer no Shiri Seijin-san wa Tomodachi no Okaa-san datta Hanashi | The Erotic Influencer ""Booty Alien"" Was Actually My Friend's Mom [English] [Castle TL]",[takaya (福原たかや)] エロインフルエンサーの尻星人さんは友達のお母さんだった話 [英訳],"Ero Influcencer no Shiri Seijinsan datta Hanashi | The Erotic Influencer ""Booty Alien"" Was Actually My Friend's Mom","english, translated",fukuhara takaya,takaya,doujinshi,,,"handjob, milf, kissing, big breasts, bbw, big ass, nakadashi, anal, sex toys, blowjob face, hairy, x-ray, rimjob, gokkun, filming, blowjob, sole female, sole male, clothed female nude male, anal intercourse",69,2026-02-01 06:09:21,2026-02-01 06:09:21,2026-02-02 14:00:43
626983,A TALE OF BONDAGE FIGHTER PRINCESS SPHINX act9 vsCONCEALED WEAPONS,,A TALE OF BONDAGE FIGHTER PRINCESS SPHINX act9 vsCONCEALED WEAPONS,"japanese, english, translated",gato,,doujinshi,,,"humiliation, females only, ryona, bondage, yuri, catfight",71,2026-02-01 06:13:43,2026-02-01 06:13:43,2026-02-02 14:00:44
626984,[Tenchanchi (Tenchan ZZ)] Onaho Kakusei Uwaki Maso Danshi[中国翻訳],[てんちゃんち (てんちゃんZZ)] オナホ覚醒♡浮気マゾ男子,Onaho Kakusei Uwaki Maso Danshi,"translated, chinese",tenchanzz,tenchanchi,doujinshi,,,"anal, males only, yaoi, anal intercourse, extraneous ads",28,2026-02-01 06:15:31,2026-02-01 06:15:31,2026-02-02 14:00:44
626985,[H.B.A (うさぎなごむ)]悠久の娼エルフ 1「毒蛇」(C96) [eve重嵌] [無修正],[H.B.A (うさぎなごむ)]悠久の娼エルフ 1「毒蛇」(C96) [eve重嵌] [無修正],悠久の娼エルフ 1「毒蛇」,"translated, chinese",usagi nagomu,heavy bunny addiction | h.b.a,manga,,,"elf, uncensored, lolicon, rough translation",26,2026-02-01 06:20:22,2026-02-01 06:20:22,2026-02-02 14:00:45
626986,[ういんなー屋] 近所のムチムチ奥様(熟女)はかわいい♂に種付けプレスされたい,[ういんなー屋] 近所のムチムチ奥様(熟女)はかわいい♂に種付けプレスされたい,近所のムチムチ奥様はかわいい♂に種付けプレスされたい,japanese,,,doujinshi,,,"milf, big breasts, big ass, cheating, artistcg, big areolae, shotacon, sole female, sole male, beauty mark",180,2026-02-01 06:53:42,2026-02-01 06:53:42,2026-02-02 14:00:46
626987,(tou) Wan naito ♡ shimasen ka? - Osomatsu dj,ワンナイト♡しませんか？【おそ松さん/カラおそ】,Wan naito ♡ shimasen ka? - Osomatsu dj,japanese,,,doujinshi,osomatsu-san,"karamatsu matsuno, osomatsu matsuno","anal, crossdressing, brother, males only, incest, yaoi",57,2026-02-01 06:57:06,2026-02-01 06:57:06,2026-02-02 14:00:46
626988,[Yoshimoto Arena (Yoshimoto)] Choukyou Inroku 2 ~Kunoichi Hīragi no Junan~,[吉本] 調◯淫録2 ～くノ一柊の受難～,Choukyou Inroku 2,japanese,carpsukidayo,,manga,,,"transformation, big breasts, gag, piercing, anal, bondage, wooden horse, dark skin, orgasm denial, catgirl, shibari, slave, crotch tattoo, kemonomimi, tail, nipple piercing, multiple tails",71,2026-02-01 07:01:35,2026-02-01 07:01:35,2026-02-02 14:00:47
626989,[torororo] カンナ 逮捕ごっこ (ブルーアーカイブ),[torororo] カンナ 逮捕ごっこ (ブルーアーカイブ),カンナ 逮捕ごっこ,japanese,torororo,,doujinshi,blue archive,kanna ogata,"bondage, dark skin, blowjob, sole female, sole male, kemonomimi, eye-covering bang, halo",3,2026-02-01 07:02:08,2026-02-01 07:02:08,2026-02-02 14:00:48
626990,[STUDIO TIAMAT (TANABE)] La faux -Soutai Seibo- (Fate/Grand Order) [Digital] - MTL,,La faux- MTL,"english, translated",tanabe,studio tiamat,doujinshi,fate grand order,"gudao | ritsuka fujimaru, isabelle vouthon, omi","milf, kissing, big breasts, fundoshi, pregnant, layer cake, bbw, group, big ass, breast feeding, facesitting, nakadashi, ahegao, ffm threesome, x-ray, multi-work series, big areolae, long tongue, lactation, fingering, impregnation, blowjob, sole male, multimouth blowjob, eye-covering bang, rough translation, nipple stimulation",30,2026-02-01 07:04:06,2026-02-01 07:04:06,2026-02-02 14:00:48
626991,(C106) [Yokohama Junky (Makari Tohru)] Solo Hunter no Seitai WORLD 13 (Monster Hunter)[Chinese][MTL],(C106) [Yokohama Junky (魔狩十織)] ソロハンターの生態WORLD13 (モンスターハンター)[中国翻訳][AI],Solo Hunter no Seitai WORLD 13,"translated, chinese",makari tohru,yokohama junky,doujinshi,monster hunter,,rough translation,36,2026-02-01 07:06:53,2026-02-01 07:06:53,2026-02-02 14:00:49
626992,"[thee rotten] Aisha ClanClan skeb (Outlaw Star) [English, Japanese]",,Aisha ClanClan skeb,"japanese, english, translated",,,doujinshi,outlaw star,aisha clanclan,"squirting, big breasts, big lips, pregnant, mmf threesome, nakadashi, dark skin, double penetration, big areolae, lactation, blowjob, collar, catgirl, bbm, slave, sole female, kemonomimi, ponytail, leash, very long hair, rough translation, detached sleeves",8,2026-02-01 07:07:35,2026-02-01 07:07:35,2026-02-02 14:00:50
626993,[ぴょん吉] 片恋フラグメント メロンブックス&とらのあな購入特典小冊子,,片恋フラグメント メロンブックス&とらのあな購入特典小冊子,japanese,pyon-kti,,manga,,,,12,2026-02-01 08:01:13,2026-02-01 08:01:13,2026-02-02 14:00:50
626994,[水龍敬] ラブスレイヴ 1 [DL版],[水龍敬] ラブスレイヴ 1 [DL版],ラブスレイヴ 1,japanese,mizuryu kei,,manga,,,multi-work series,185,2026-02-01 08:11:49,2026-02-01 08:11:49,2026-02-02 14:00:51
626995,[水龍敬] ラブスレイヴ 2 [DL版],[水龍敬] ラブスレイヴ 2 [DL版],ラブスレイヴ 2,japanese,mizuryu kei,,manga,,,"big breasts, multi-work series",183,2026-02-01 08:22:12,2026-02-01 08:22:12,2026-02-02 14:00:51
626996,[水龍敬] ラブスレイヴ 3,[水龍敬] ラブスレイヴ 3,ラブスレイヴ 3,japanese,mizuryu kei,,doujinshi,,,"big breasts, multi-work series, manga",179,2026-02-01 08:32:26,2026-02-01 08:32:26,2026-02-02 14:00:52
626997,[水龍敬] ラブスレイヴ 4【電子版限定特典付き】,[水龍敬] ラブスレイヴ 4【電子版限定特典付き】,ラブスレイヴ 4【電子版限定特典付き】,japanese,mizuryu kei,,manga,,,"big breasts, multi-work series",183,2026-02-01 08:43:03,2026-02-01 08:43:03,2026-02-02 14:00:53
626998,[Adolescence Maru] Himitsu no chikashitsu,[アドレセンス丸] ひみつのちかしつ,Himitsu no chikashitsu,japanese,,adolescence maru,doujinshi,,,"maid, nakadashi, anal, multi-work series, double penetration, tentacles, sole female, anal intercourse",38,2026-02-01 08:45:27,2026-02-01 08:45:27,2026-02-02 14:00:54
626999,[名無しのチンポップ] らくがき,[名無しのチンポップ] らくがき,らくがき,japanese,nanashi no chinpoppu,,doujinshi,,,"nakadashi, impregnation, sole female",20,2026-02-01 08:46:53,2026-02-01 08:46:53,2026-02-02 14:00:54
627000,[Keito no Mori (wool)] Seikatsu Biyori,[毛糸の森 (うーる)] 性活日和,Seikatsu Biyori,japanese,wool,origin,doujinshi,,,"males only, yaoi, shotacon",22,2026-02-01 08:50:55,2026-02-01 08:50:55,2026-02-02 14:00:55
627001,[Cior (ken-1)] 絶対に目をあわせてくれない心々那さん〜教え子はメンエス嬢〜,[Cior (ken-1)] 絶対に目をあわせてくれない心々那さん〜教え子はメンエス嬢〜,絶対に目をあわせてくれない心々那さん〜教え子はメンエス嬢〜,japanese,ken-1,cior,doujinshi,,,,40,2026-02-01 09:02:54,2026-02-01 09:02:54,2026-02-02 14:00:56
627002,[p-館 (pの字)] ウチのクラスの童貞オタク君の筆下ろししちゃいま〜す,[p-館 (pの字)] ウチのクラスの童貞オタク君の筆下ろししちゃいま〜す,ウチのクラスの童貞オタク君の筆下ろししちゃいま〜す,japanese,,,doujinshi,,,"virginity, group, glasses",31,2026-02-01 09:04:53,2026-02-01 09:04:53,2026-02-02 14:00:56
627003,[Juicy Fruits (Satomi Hidefumi)] Banka,[Juicy Fruits (さとみひでふみ)] 晩夏,Banka,japanese,satomi hidefumi,,doujinshi,,,"scat, urination",44,2026-02-01 09:07:32,2026-02-01 09:07:32,2026-02-02 14:00:57
627004,[あたふたふたーば] ちんちんイライラ風紀委員長〜ギャルにオナバレ大敗北射精,[あたふたふたーば] ちんちんイライラ風紀委員長〜ギャルにオナバレ大敗北射精,ちんちんイライラ風紀委員長〜ギャルにオナバレ大敗北射精,japanese,,,doujinshi,,,futanari,34,2026-02-01 09:09:41,2026-02-01 09:09:41,2026-02-02 14:00:57
627005,[Cosart] MALICIOUS ABETMENT,[コサート] MALICIOUS ABETMENT,MALICIOUS ABETMENT,japanese,,,doujinshi,fate grand order,shielder | mash kyrielight,"pregnant, anal, x-ray, double penetration, tentacles, eggs, cumflation, clit stimulation",33,2026-02-01 09:11:38,2026-02-01 09:11:38,2026-02-02 14:00:58
627006,[白桃亭 (rikazu)] サキュバス・セックス・サブスクリプション 人生負け組童貞の僕が、巨乳サキュバスと生中セックスし放題のサブスク契約で、人生勝ち組に！,[白桃亭 (rikazu)] サキュバス・セックス・サブスクリプション 人生負け組童貞の僕が、巨乳サキュバスと生中セックスし放題のサブスク契約で、人生勝ち組に！,サキュバス・セックス・サブスクリプション 人生負け組童貞の僕が、巨乳サキュバスと生中セックスし放題のサブスク契約で、人生勝ち組に！,japanese,rikazu,hakutoutei,doujinshi,,,,60,2026-02-01 09:15:10,2026-02-01 09:15:10,2026-02-02 14:00:59
627007,[Mesias] Sith Rebirth (Possession Hub) (English),,Sith Rebirth,english,,possession hub,doujinshi,star wars,"ahsoka tano, darth maul","unusual pupils, big nipples, ghost, x-ray, mind control, full color, bodysuit, possession, fingering, alien girl, comic, gender change",14,2026-02-01 09:16:13,2026-02-01 09:16:13,2026-02-02 14:00:59
627008,[殿様ペンギン] 巨乳ママとメンヘラ彼女を親子丼にして孕ませる話,[殿様ペンギン] 巨乳ママとメンヘラ彼女を親子丼にして孕ませる話,巨乳ママとメンヘラ彼女を親子丼にして孕ませる話,japanese,,tonosama penguin,doujinshi,,,"big breasts, schoolgirl uniform, nakadashi, ffm threesome, eye-covering bang",72,2026-02-01 09:20:24,2026-02-01 09:20:24,2026-02-02 14:01:00
627009,[yam] Hirotta Memory | Memory Found (Yacchau no!!),[yam] 拾ったメモリー (やっちゃうの!!),Hirotta Memory | Memory Found,"translated, chinese",yam,,doujinshi,,,"lolicon, manga, rough translation",20,2026-02-01 09:24:32,2026-02-01 09:24:32,2026-02-02 14:01:01
627010,[るいの穴ぐら工房 (RuiManabu)] 地味サキュバスに食べられる,[るいの穴ぐら工房 (RuiManabu)] 地味サキュバスに食べられる,地味サキュバスに食べられる,japanese,,,doujinshi,,,"elf, big breasts, masturbation, schoolgirl uniform, huge breasts, tall girl, blowjob, sole female, sole male, ruimanabu",35,2026-02-01 09:26:45,2026-02-01 09:26:45,2026-02-02 14:01:01
627011,[聖華快楽書店(エルトリア)] セックスレベリング 〜魅了スキルでNTRを仕掛けてきたグラビアアイドルにガチ惚れされて溺愛JKと一緒にハーレム3Pする話〜,[聖華快楽書店(エルトリア)] セックスレベリング 〜魅了スキルでNTRを仕掛けてきたグラビアアイドルにガチ惚れされて溺愛JKと一緒にハーレム3Pする話〜,セックスレベリング 〜魅了スキルでNTRを仕掛けてきたグラビアアイドルにガチ惚れされて溺愛JKと一緒にハーレム3Pする話〜,japanese,kumakko,seika kairaku shoten,doujinshi,,,"big breasts, cheating",188,2026-02-01 09:37:29,2026-02-01 09:37:29,2026-02-02 14:01:02
627012,[〆はしゃけちゃづけ] Wパイズリギャルサキュバスに精子カツアゲされる話,[〆はしゃけちゃづけ] Wパイズリギャルサキュバスに精子カツアゲされる話,Wパイズリギャルサキュバスに精子カツアゲされる話,japanese,shake chazuke,,doujinshi,,,"big breasts, glasses, pasties, femdom, demon girl, full color, gyaru, paizuri",47,2026-02-01 09:40:31,2026-02-01 09:40:31,2026-02-02 14:01:03
627013,[Fence 14] Giji Sex Kyoudai 07 [MTL],[Fence 14] 疑似セックスきょう〇い 07,Giji Sex Kyoudai 07,"english, translated",fence 14,,doujinshi,,,"sweating, kissing, leg lock, big breasts, unusual pupils, nakadashi, ahegao, sleeping, x-ray, gyaru-oh, full color, incest, mosaic censorship, sister, impregnation, muscle, big penis, sole female, sole male, rough translation, bite mark",17,2026-02-01 09:41:41,2026-02-01 09:41:41,2026-02-02 14:01:03
627014,[やまなし娘。 (シツジ)] 定時後は私とセックスです4,[やまなし娘。 (シツジ)] 定時後は私とセックスです4,定時後は私とセックスです4,japanese,shituzhi,yamanashi musume.,doujinshi,,,"big breasts, group, nakadashi, full color, multi-work series, apron, sole male",70,2026-02-01 09:45:52,2026-02-01 09:45:52,2026-02-02 14:01:04
627015,[Hitsuji no Udonya (Inamimi)] Muchi muchi Ten'nen Joshidai-sei no Dosukebe Jorei Taiken-roku [Chinese] [RB中翻],[ひつじのうどん屋 (いなみみ)] 無知むち天然女子大生のドスケベ除霊体験録 [中国翻訳],Muchi muchi Ten'nen Joshidairoku,"translated, chinese",inamimi,hitsuji no udonya,doujinshi,,,"handjob, milf, kissing, big breasts, fundoshi, bbw, ahegao, hairy, stockings, paizuri, big penis, bbm, sole female, sole male, shaved head",52,2026-02-01 09:49:00,2026-02-01 09:49:00,2026-02-02 14:01:05
627016,[あちゅむち] エロギャルさん（調教開発彼氏持ち）に成金おぢは感謝したい！,[あちゅむち] エロギャルさん（調教開発彼氏持ち）に成金おぢは感謝したい！,エロギャルさん（調教開発彼氏持ち）に成金おぢは感謝したい！,japanese,achumuchi | inui achu,achumuchi,doujinshi,,,"kissing, big breasts, cheating, schoolgirl uniform, body modification, prostitution, ahegao, huge breasts, anal, paizuri, inverted nipples, collar, sole female, sole male, bald, beauty mark, anal intercourse, split tongue",57,2026-02-01 09:52:18,2026-02-01 09:52:18,2026-02-02 14:01:05
627017,[ゆにおんばすと (かずたろ)] 完全にギャル堕ちした留学生エルフの指導法2,[ゆにおんばすと (かずたろ)] 完全にギャル堕ちした留学生エルフの指導法2,完全にギャル堕ちした留学生エルフの指導法2,japanese,kazutaro,union bust,doujinshi,,,"elf, big breasts, glasses, dark skin, multi-work series, stockings, collar, sole female, sole male, beauty mark",50,2026-02-01 09:55:24,2026-02-01 09:55:24,2026-02-02 14:01:06
627018,[Ainaryumu] Yarichin DK kousei ~kanojo ni suru made~ 3 [Digital][Chinese] [黑暗月光石],[藍那りゅむ] ヤリチンDK更生～カノジョにするまで～ 第3話 [DL版][中国翻訳],Yarichin DK kousei3,"translated, chinese",ainaryumu,,doujinshi,,,"schoolgirl uniform, anal, sex toys, gyaru-oh, males only, yaoi, tomgirl, blowjob, twintails, forced exposure, mouth mask, anal intercourse, manga",31,2026-02-01 09:57:30,2026-02-01 09:57:30,2026-02-02 14:01:07
627019,(Tales Link 23) [Yukirinrin! (Oyu)] Datte Kimi wa Kimi dakara (Tales of Symphonia)[MTL],(テイルズリンク 23) [ユウキリンリン! (お湯)] だってキミはキミだから (テイルズ オブ シンフォニア)[中国翻訳],Datte Kimi wa Kimi dakara,"translated, chinese",,,doujinshi,,,"yaoi, anal intercourse, rough translation",34,2026-02-01 09:59:37,2026-02-01 09:59:37,2026-02-02 14:01:07
627020,きをてらこった,,きをてらこった,japanese,,,doujinshi,original,,,305,2026-02-01 13:16:02,2026-02-01 13:16:02,2026-02-02 14:01:08
627021,(C107) [Vパン'sエクスタシー (左藤空気)] Vパンの切れはし2025ふゆ,(C107) [Vパン'sエクスタシー (左藤空気)] Vパンの切れはし2025ふゆ,Vパンの切れはし2025ふゆ,japanese,satou kuuki,vpans extasy,doujinshi,"muv-luv, the idolmaster","mao arimura, rinami himesaki, lilja katsuragi","big breasts, swimsuit, corruption, piercing, netorare, ahegao, bikini, latex, gyaru-oh, stockings, lingerie, tomboy, collar, twintails, gloves, very long hair, eye-covering bang, detached sleeves, painted nails",9,2026-02-01 14:01:43,2026-02-01 14:01:43,2026-02-02 14:01:09
627022,[Take Shinshi] Onaho Idol ~Mio Hajimari Hen~ (THE IDOLM@STER CINDERELLA GIRLS) [English] [Gagak_Ireng],[たけ紳士] オナホアイドル ~未央始まり編~ (アイドルマスター シンデレラガールズ) [英訳],Onaho Idol,"english, translated",take shinshi,,doujinshi,the idolmaster,mio honda,"big breasts, schoolgirl uniform, nakadashi, ahegao, dark skin, x-ray, defloration, mind break, dilf, big penis, bbm, sole female, sole male, bald",21,2026-02-01 14:03:35,2026-02-01 14:03:35,2026-02-02 14:01:09
627023,[外山100kg (外山じごく)] エリートギャルサキュバス、恋を知る,[外山100kg (外山じごく)] エリートギャルサキュバス、恋を知る,エリートギャルサキュバス、恋を知る,japanese,toyama jigoku,,doujinshi,original,,"squirting, wings, big breasts, cunnilingus, schoolgirl uniform, nakadashi, ahegao, demon girl, x-ray, gyaru, paizuri, blowjob, sole male, horns, tail, eye-covering bang, painted nails",53,2026-02-01 14:07:00,2026-02-01 14:07:00,2026-02-02 14:01:10
627024,(C107) [Jido-Hikki (Kokekokko Koma)] Atataka Sorayoubi [Chinese] [绅士仓库汉化],(C107) [じどー筆記 (こけこっこ☆こま)] 温かソラようび (ブルーアーカイブ) [中国翻訳],Atataka Sorayoubi,"translated, chinese",kokekokko coma,jido-hikki,doujinshi,blue archive,sora,"lolicon, sole female, sole male, very long hair, halo",28,2026-02-01 14:12:28,2026-02-01 14:12:28,2026-02-02 14:01:11
627025,[きょくちょ]らぶりーあいなちゃん1-4[合集][中国翻訳],[きょくちょ]らぶりーあいなちゃん1-4[合集][中国翻訳],らぶりーあいなちゃん1-4,"translated, chinese",kyockcho,,manga,,,"compilation, glasses, schoolgirl uniform",89,2026-02-01 14:17:55,2026-02-01 14:17:55,2026-02-02 14:01:11
627026,[Sichiji] Dodekai Boin (Dragon Ball),,Dodekai Boin,japanese,,,doujinshi,dragon ball,"master roshi, bulma briefs","big breasts, old man, bunny girl, paizuri, mosaic censorship, sole female, sole male",33,2026-02-01 14:19:56,2026-02-01 14:19:56,2026-02-02 14:01:12
627027,[Setagaya Sweet (Kurihara Maron)] Itsumo Otonashii Anoko wa Boku ni Dake Sekkyokuteki [Digital],[世田谷スイート (栗原マロン)] いつも大人しいあの子は僕にだけ積極的 [DL版],Itsumo Otonashii Anoko wa Boku ni Dake Sekkyokuteki,japanese,,,doujinshi,original,,"glasses, schoolgirl uniform, multi-work series, sole female, sole male",29,2026-02-01 14:21:50,2026-02-01 14:21:50,2026-02-02 14:01:13
627028,[Setagaya Sweet (Kurihara Maron)] Itsumo Otonashii Anoko wa Boku ni Dake Sekkyokuteki -with Christmas- [Digital],[世田谷スイート (栗原マロン)] いつも大人しいあの子は僕にだけ積極的 ～with Christmas～ [DL版],Itsumo Otonashii Anoko wa Boku ni Dake Sekkyokuteki,japanese,,,doujinshi,original,,"glasses, full color, multi-work series, sole female, sole male",5,2026-02-01 14:22:20,2026-02-01 14:22:20,2026-02-02 14:01:14
627029,[Setagaya Sweet (Kurihara Maron)] Itsumo Otonashii Anoko wa Boku ni Dake Sekkyokuteki 2 [Digital],[世田谷スイート (栗原マロン)] いつも大人しいあの子は僕にだけ積極的2 [DL版],Itsumo Otonashii Anoko wa Boku ni Dake Sekkyokuteki 2,japanese,,,doujinshi,original,,"glasses, multi-work series, sole female, sole male",24,2026-02-01 14:23:50,2026-02-01 14:23:50,2026-02-02 14:01:14
627030,[ばっぷす] 今日も教え子の誘惑に勝てない,[ばっぷす] 今日も教え子の誘惑に勝てない,今日も教え子の誘惑に勝てない,japanese,,,doujinshi,original,,"kissing, big breasts, schoolgirl uniform, nakadashi, x-ray, full color, mosaic censorship, teacher, blowjob, sole female, sole male, pixie cut",21,2026-02-01 14:25:19,2026-02-01 14:25:19,2026-02-02 14:01:15
627031,[Qruppo×Mameojitan] Nukitashi Nukige mitai na shima ni sunderu watashi wa dosurya ii desuka R 第11话 | 生活在拔作一样的岛上我该怎么办才好 R 第11话 [Chinese] [糖果自购汉化],[Qruppo×まめおじたん] ぬきたし-抜きゲーみたいな島に住んでるわたしはどうすりゃいいですか R 第11话 [中国翻訳],Nukitashi Nukige mitai na shima ni sunderu watashi wa dosurya ii desuka R 第11话 | 生活在拔作一样的岛上我该怎么办才好 R 第11话,"translated, chinese",mameojitan,qruppo,manga,,,glasses,31,2026-02-01 14:27:10,2026-02-01 14:27:10,2026-02-02 14:01:16
627032,[hikarichan] review 12 - 11,【がるるプラン以上】2025年12月+2026年1月まとめzip配布 (Pixiv Fanbox),review 12 - 11,japanese,,,doujinshi,original,,,27,2026-02-01 14:29:07,2026-02-01 14:29:07,2026-02-02 14:01:16
627033,[PENG-MODEL (PND)] Riganryuu・Jou |離岸流・上[Digital][Chinese][个人翻译],[PENG-MODEL (PND)] 離岸流・上 [DL版][中译],Riganryuu・Jou |離岸流・上,"translated, chinese",pnd,peng-model,doujinshi,original,,"futanari, big breasts, schoolgirl uniform, hairy, blowjob, sole dickgirl, very long hair, full-packaged futanari, dickgirl on female, futanarization",17,2026-02-01 14:30:13,2026-02-01 14:30:13,2026-02-02 14:01:17
627034,[Mokyuu Plus (Mokyuco)] Ippin Isshou (Genshin Impact) [Digital],[モキュープラス (もきゅこ)] 一顰一笑 (原神) [DL版],Ippin Isshou,japanese,mokyuco,mokyuu plus,doujinshi,genshin impact,"venti, zhongli","anal, males only, yaoi, tomgirl",28,2026-02-01 14:32:04,2026-02-01 14:32:04,2026-02-02 14:01:18
627035,"[Hakutoutei (rikazu)] Boku Senzoku! Ero Kawaii Kyonyuu Succubus ni, Doppuri Nakadashi de Kairaku Mesu Ochi saseru made... ~Succubus Sex Subscription 2~ [Chinese] [蕪菁堂]",[白桃亭 (rikazu)] 僕専属ッ！エロかわいい巨乳サキュバスに、どっぷり中出しで快楽メス堕ちさせるまで… 〜サキュバス・セックス・サブスクリプション2〜[中国翻訳],"Boku Senzoku! Ero Kawaii Kyonyuu Succubus ni, Doppuri Nakadashi de Kairaku Mesu Ochi saseru made...","translated, chinese",rikazu,hakutoutei,doujinshi,original,,"big breasts, moral degeneration, demon girl, multi-work series, bunny girl, stockings, paizuri, sole female, sole male, horns, tail",64,2026-02-01 14:35:57,2026-02-01 14:35:57,2026-02-02 14:01:18
627036,[PENG-MODEL (PND)] Riganryuu・chuu |離岸流・中[Digital][Chinese][个人翻译],[PENG-MODEL (PND)] 離岸流・中 [DL版][中译],Riganryuu・chuu |離岸流・中,"translated, chinese",pnd,peng-model,doujinshi,original,,"squirting, futanari, big breasts, swimsuit, condom, hairy, bikini, very long hair, full-packaged futanari, dickgirl on female",29,2026-02-01 14:37:52,2026-02-01 14:37:52,2026-02-02 14:01:19
627037,[Airandou] Imouto-tachi o Haramasenai to Derarenai Mura | You Must Breed Your Sisters to Leave This Village [English] [head empty] [Decensored] (Fixed Order),[あいらんどう] 妹たちを孕ませないと出られない村 [英訳] [無修正],Imouto-tachi o Haramasenai to Derarenai Mura | You Must Breed Your Sisters to Leave This Village,"english, translated",airandou,,doujinshi,original,,"squirting, big breasts, pregnant, group, uncensored, story arc, masturbation, nakadashi, ahegao, ffm threesome, mother, dark skin, x-ray, incest, lactation, stockings, bride, gyaru, lingerie, sister, impregnation, blowjob, muscle, big penis, collar, body writing, sole male, twintails, fishnets, gloves, shimaidon, multimouth blowjob, exposed clothing",78,2026-02-01 14:42:39,2026-02-01 14:42:39,2026-02-02 14:01:20
627038,(AkisaeHitori) My Wife's NTR Diary 6 [ENGLISH],,My Wife's NTR Diary 6,english,akisaehitori,,doujinshi,original,,"handjob, unusual pupils, mmf threesome, group, netorare, uncensored, swinging, blowjob, big penis, sole female, netorase",41,2026-02-01 14:45:12,2026-02-01 14:45:12,2026-02-02 14:01:20
627039,[OrangeMaru (YD)] BOINBOSHOKU MISS [Chinese] [無邪気漢化組] [Digital],[OrangeMaru (YD)] 暴淫暴食ミス [中国翻訳] [DL版],BOINBOSHOKU MISS,"translated, chinese",yd,orangemaru,doujinshi,original,,"handjob, kissing, wings, big breasts, emotionless sex, nakadashi, ahegao, asphyxiation, demon girl, thigh high boots, latex, stockings, blowjob, muscle, stomach deformation, deepthroat, sole female, sole male, twintails, gloves, domination loss, big muscles, high heels",33,2026-02-01 14:47:18,2026-02-01 14:47:18,2026-02-02 14:01:21
627040,[Yawaraka Midori] Kyou wa Nani Shiyokka? [Digital],きょうはナニしよっか？【FANZA限定特典付き】,Kyou wa Nani Shiyokka?,japanese,yawaraka midori,,manga,,,"twins, inseki, sweating, unusual pupils, cunnilingus, group, glasses, schoolgirl uniform, prostitution, nakadashi, tutor, anal, tights, ffm threesome, solo action, dark skin, cousin, lolicon, x-ray, defloration, incest, tanlines, tankoubon, stockings, pantyhose, rimjob, sister, teacher, hotpants, tomboy, inverted nipples, blowjob, randoseru, beauty mark, ponytail, twintails, clothed male nude female, thick eyebrows, shimaidon, anal intercourse",199,2026-02-01 15:23:11,2026-02-01 15:23:11,2026-02-02 14:01:22
627041,"[Awa] Houkago, Osananajimi no Heya de... [Digital]",[阿波] 放課後、幼馴染の部屋で… [DL版],"Houkago, Osananajimi no Heya de...",japanese,awa,,doujinshi,original,,"schoolgirl uniform, sole female, sole male",28,2026-02-01 15:25:14,2026-02-01 15:25:14,2026-02-02 14:01:22
627042,[白桃亭 (rikazu)] サキュバス・セックス・サブスクリプション 人生負け組童貞の僕が、巨乳サキュバスと生中セックスし放題のサブスク契約で、人生勝ち組に！[Chinese] [蕪菁堂],[白桃亭 (rikazu)] サキュバス・セックス・サブスクリプション 人生負け組童貞の僕が、巨乳サキュバスと生中セックスし放題のサブスク契約で、人生勝ち組に！[中国翻訳],サキュバス・セックス・サブスクリプション 人生負け組童貞の僕が、巨乳サキュバスと生中セックスし放題のサブスク契約で、人生勝ち組に！,"translated, chinese",rikazu,hakutoutei,doujinshi,original,,"big breasts, schoolgirl uniform, demon girl, stockings, paizuri, sole female, sole male, crotch tattoo, horns, tail",60,2026-02-01 15:28:54,2026-02-01 15:28:54,2026-02-02 14:01:23
627043,[MIA SAN MIA (Kuriudon)] Hanaumi Yū Me Ketsu Ana Kyōka Kunren,[MIA SAN MIA (栗うどん)] 花海佑芽ケツ穴強化訓練,Hanaumi Yū Me Ketsu Ana Kyōka Kunren,japanese,,,doujinshi,the idolmaster,"producer, ume hanami","squirting, kissing, big breasts, bbw, glasses, big ass, enema, nakadashi, ahegao, huge breasts, anal, hairy, x-ray, big areolae, stockings, smell, sole female, sole male, gloves, hair buns, focus anal, anal intercourse",36,2026-02-01 15:31:11,2026-02-01 15:31:11,2026-02-02 14:01:23
627044,[yukio] Orc no Hanayome-tachi ~Kouketsu na Onna Kishi wa Mesu ni Otosare Aisareru~,[yukio] オークの花嫁たち 〜高潔な女騎士は雌に堕とされ愛される〜,Orc no Hanayome-tachi,japanese,yukio,,doujinshi,original,,"big breasts, pregnant, vaginal birth",81,2026-02-01 15:36:08,2026-02-01 15:36:08,2026-02-02 14:01:24
627045,[Kuroto] Gal Mama to Pakopako SEX ~ Hitozuma no Chouzetsu Tech ni Majiiki Zecchou! Ch. 24-48,[黒斗] ギャルママとパコパコSEX～人妻の超絶テクにマジイキ絶頂！第24~48話,Gal Mama to Pakopako SEX ~ Hitozuma no Chouzetsu Tech ni Majiiki Zecchou! Ch. 24-48,japanese,kuroto,,manga,,,"squirting, inseki, milf, big breasts, cunnilingus, group, glasses, story arc, masturbation, cheating, urination, facesitting, anal, ffm threesome, harem, hairy, cousin, yuri, full color, multi-work series, incest, stockings, rimjob, gyaru, fingering, mosaic censorship, inverted nipples, tribadism, sole male, bisexual, ponytail, anal intercourse",625,2026-02-01 16:11:55,2026-02-01 16:11:55,2026-02-02 14:01:25
627046,[Denki Neko (Toku)] Tenchou ga Ecchi na Koto to Hikikae ni Kyuuryou o Kezuri ni Kuru!! [Chinese] [我愛毛毛] [Digital],[でんきねこ (とく)] 店長がエッチな事と引き換えに給料を削りに来る!! [中国翻訳] [DL版],Tenchou ga Ecchi na Koto to Hikikae ni Kyuuryou o Kezuri ni Kuru!!,"translated, chinese",toku,denki neko,doujinshi,original,,"squirting, piercing, big ass, nakadashi, hairy, multi-work series, apron, blowjob, sole female, sole male, nipple stimulation, nipple piercing",41,2026-02-01 16:14:49,2026-02-01 16:14:49,2026-02-02 14:01:26
627047,[Tanisawa Shiki(Hagure Tanishi)] Imouto Android vol.1,[谷澤史紀(葉雨たにし)] 妹！アンドロイド 第01巻,Imouto Android vol.1,japanese,hagure tanishi,,manga,,,,195,2026-02-01 16:27:11,2026-02-01 16:27:11,2026-02-02 14:01:26
627048,[Tanisawa Shiki(Hagure Tanishi)] Imouto Android vol.2,[谷澤史紀(葉雨たにし)] 妹！アンドロイド 第02巻,Imouto Android vol.2,japanese,hagure tanishi,,manga,,,,197,2026-02-01 16:38:07,2026-02-01 16:38:07,2026-02-02 14:01:28
627049,[Tanisawa Shiki(Hagure Tanishi)] Imouto Android vol.3,[谷澤史紀(葉雨たにし)] 妹！アンドロイド 第03巻,Imouto Android vol.3,japanese,hagure tanishi,,manga,,,tankoubon,197,2026-02-01 16:48:55,2026-02-01 16:48:55,2026-02-02 14:01:28
627050,[Tanisawa Shiki(Hagure Tanishi)] Imouto Android vol.4,[谷澤史紀(葉雨たにし)] 妹！アンドロイド 第04巻,Imouto Android vol.4,japanese,hagure tanishi,,manga,,,tankoubon,194,2026-02-01 16:59:21,2026-02-01 16:59:21,2026-02-02 14:01:29
627051,[Tanisawa Shiki(Hagure Tanishi)] Imouto Android vol.5,[谷澤史紀(葉雨たにし)] 妹！アンドロイド 第05巻,Imouto Android vol.5,japanese,hagure tanishi,,manga,,,tankoubon,193,2026-02-01 17:10:14,2026-02-01 17:10:14,2026-02-02 14:01:29
627052,[Tanisawa Shiki(Hagure Tanishi)] Imouto Android vol.6,[谷澤史紀(葉雨たにし)] 妹！アンドロイド 第06巻,Imouto Android vol.6,japanese,hagure tanishi,,manga,,,"story arc, tankoubon",193,2026-02-01 17:20:55,2026-02-01 17:20:55,2026-02-02 14:01:30
627053,[Kuga Tsuniya] Itsuka Fukushuu Suru Sono Tame ni [Chinese] [酸菜魚ゅ°],[玖珂ツニヤ] いつか復讐するその為に [中国翻訳],Itsuka Fukushuu Suru Sono Tame ni,"translated, chinese",kuga tsuniya,,doujinshi,original,,"bandages, schoolgirl uniform, condom, nakadashi, ahegao, anal, asphyxiation, scanmark, hairy, stockings, eyepatch, blowjob, first person perspective, yandere, sole female, sole male, very long hair, anal intercourse, crying",107,2026-02-01 17:27:07,2026-02-01 17:27:07,2026-02-02 14:01:31
627054,[Tanaka-ya (Tanaka Ichimi)] Ura Kanojo Kaihatsu-jō 〜 Boku o Mamoru Tame ni Migawari ni Natta Kanojo NTR Kairaku Chōkyō-hen 〜,[たなか屋 (たなかイチミ)] 裏彼女開発・上 〜僕を守るために身代わりになった彼女NTR 快楽調教編〜,Ura Kanojo Kaihatsuhen 〜,japanese,tanaka ichimi,,doujinshi,original,,"big breasts, piercing, mmf threesome, group, netorare, bikini, gyaru-oh, stockings, cowgirl, filming, blackmail, blowjob, collar, piss drinking, deepthroat, mouth mask",72,2026-02-01 17:31:40,2026-02-01 17:31:40,2026-02-02 14:01:32
627055,[Lizardman] Nemo-chan (Pokemon),[リザードマン] ネモちゃん (ポケモン),Nemo-chan,japanese,,,doujinshi,pokemon | pocket monsters,"nemona, florian","big breasts, full color, shotacon, sole female, sole male",14,2026-02-01 17:34:42,2026-02-01 17:34:42,2026-02-02 14:01:32
627056,I became a girl because I wanted to be liked by the girl I liked! ?,好きな子に好かれたくて女の子になっちゃった！?,I became a girl because I wanted to be liked by the girl I liked! ?,japanese,,makura,doujinshi,original,,"females only, yuri, mosaic censorship, gender change",27,2026-02-01 17:36:40,2026-02-01 17:36:40,2026-02-02 14:01:33
627057,[Yapo] Maou no hanayome | 魔王的新娘 [Chinese] [oo2oo个人汉化] [Ongoing],[Yapo] 魔王の花嫁 [中国翻訳] [進行中],Maou no hanayome | 魔王的新娘,"translated, chinese",yapo,,doujinshi,original,,"crossdressing, mind control, yaoi, tomgirl",11,2026-02-01 17:37:31,2026-02-01 17:37:31,2026-02-02 14:01:34
627058,[Hanigura Soft]  Yūtōsei no Kanojo ga Chūnen Kyōshi no Sei Shorigakari ni Ochiru Made,[はにぐらそふと] 優等生の彼女が中年教師の性処理係に堕ちるまで,Yūtōsei no Kanojo ga Chūnen Kyōshi no Sei Shorigakari ni Ochiru Made,japanese,,hanigura soft,doujinshi,original,,"glasses, netorare, schoolgirl uniform, nakadashi, paizuri, mosaic censorship, teacher, blackmail, blowjob, sole female, sole male, ponytail",80,2026-02-01 17:42:42,2026-02-01 17:42:42,2026-02-02 14:01:34
627059,I prayed in front of the shrine and I became a girl,祠の前で願ったら女の子になれた,I prayed in front of the shrine and I became a girl,japanese,,makura,doujinshi,original,,"big breasts, females only, artistcg, yuri, gender change",187,2026-02-01 17:53:11,2026-02-01 17:53:11,2026-02-02 14:01:35
627060,"From a lewd childhood friend to a transgender female with no more ‘little brother,’ now engaging in sweet yuri yuri lovemaking",えっちな幼馴染からTS催○♀おちんちんがなくなって百合百合ラブラブセックス,"From a lewd childhood friend to a transgender female with no more ‘little brother,’ now engaging in sweet yuri yuri lovemaking",japanese,fukuoka tarou,fukuyoka towel,doujinshi,original,,"futanari, pregnant, yuri, gender morph, gender change, full-packaged futanari",35,2026-02-01 17:55:47,2026-02-01 17:55:47,2026-02-02 14:01:36
627061,[More Beat (Akinoji)] Micha Dame! Dakedo Suggoku Misetai! | 不可以看!可是又特别想给你看! (Blue Archive) [Chinese] [迟远个人汉化] [Digital],[モアビート (あきのじ)] 見ちゃダメ! だけどすっごく見せたい! (ブルーアーカイブ) [中国翻訳] [DL版],Micha Dame! Dakedo Suggoku Misetai! | 不可以看!可是又特别想给你看!,"translated, chinese",akinoji,more beat,doujinshi,blue archive,"shiroko sunaookami, sensei","squirting, humiliation, masturbation, urination, nakadashi, sex toys, tracksuit, exhibitionism, kemonomimi, clothed male nude female, omorashi, halo",31,2026-02-01 17:58:01,2026-02-01 17:58:01,2026-02-02 14:01:36
627062,Becoming a girl and being with my childhood friend,女の子になって幼馴染と,Becoming a girl and being with my childhood friend,japanese,,makura,doujinshi,original,,"females only, yuri, gender change",181,2026-02-01 18:09:25,2026-02-01 18:09:25,2026-02-02 14:01:37
627063,[Tokonatsu Sanshouuo (Pegina)] Otokogirai JC Oji-san to Isshuukan Koibito Keiyaku [Chinese] [無邪気漢化組] [Digital],[常夏山椒魚 (ぺぎな)] 男嫌いJCおじさんと一週間恋人契約 [中国翻訳] [DL版],Otokogirai JC Oji-san to Isshuukan Koibito Keiyaku,"translated, chinese",pegina,tokonatsu sanshouuo,doujinshi,original,,"nakadashi, ahegao, defloration, dilf, school swimsuit, blowjob, big penis, bbm, sole female, sole male, bald",51,2026-02-01 18:12:40,2026-02-01 18:12:40,2026-02-02 14:01:37
627064,[Punpunn] Yamada [NTR] (Boku no Kokoro no Yabai Yatsu) [Bleached],,Yamada,english,punpunn,,doujinshi,boku no kokoro no yabai yatsu,anna yamada,"kissing, big breasts, netorare, uncensored, condom, artistcg, hairy, paizuri, filming, big penis, sole female, sole male, bald, redraw, netorase",22,2026-02-01 18:14:09,2026-02-01 18:14:09,2026-02-02 14:01:38
627065,(C92) [Ninniku Batake (Ninniku)] Ikasare jigoku | 活地狱 (Touhou Project) [Chinese] [白杨汉化组],(C92) [にんにく畑 (にんにく)] 生かされ地獄 (東方Project) [中国翻訳],Ikasare jigoku | 活地狱,"translated, chinese",ninniku,ninniku batake,doujinshi,touhou project,"watatsuki no toyohime, watatsuki no yorihime, reisen udongein inaba, kaguya houraisan, eirin yagokoro, sagume kishin, clownpiece, junko, hecatia lapislazuli","futanari, nakadashi, bondage, mind break, rape, impregnation, slave, confinement",50,2026-02-01 18:17:06,2026-02-01 18:17:06,2026-02-02 14:01:39
627066,I suddenly turned into a woman and I was hospitalized at the hospital where I spent my sexy hospitalization with a nurse,突然女体化した俺が入院した病院でナースとのエッチな入院生活,I suddenly turned into a woman and I was hospitalized at the hospital where I spent my sexy hospitalization with a nurse,japanese,,makura,doujinshi,original,,"females only, yuri, gender change",184,2026-02-01 18:27:38,2026-02-01 18:27:38,2026-02-02 14:01:39
627067,"If you give up on life, start a new world as a girl",人生諦めたら、女の子で新世界スタート,"If you give up on life, start a new world as a girl",japanese,,makura,doujinshi,original,,"big breasts, yuri, gender change",209,2026-02-01 18:40:08,2026-02-01 18:40:08,2026-02-02 14:01:40
627068,[Star-Dreamer Tei (Staryume)] Overlay Magic 6 (Yu-Gi-Oh!) [Digital],[星夢亭 (星遥ゆめ)] Overlay Magic 6 (遊☆戯☆王) [DL版],Overlay Magic 6,japanese,staryume,star-dreamer tei,doujinshi,yu-gi-oh,dark magician girl,,23,2026-02-01 18:41:42,2026-02-01 18:41:42,2026-02-02 14:01:41
627069,[Star-Dreamer Tei (Staryume)] Overlay Magic 5 (Yu-Gi-Oh!),,Overlay Magic 5,japanese,staryume,star-dreamer tei,doujinshi,yu-gi-oh,dark magician girl,nakadashi,22,2026-02-01 18:43:19,2026-02-01 18:43:19,2026-02-02 14:01:42
627070,[ケ脳の片隅 (アラ岸)]小針さんのおもちゃ,,小針さんのおもちゃ,japanese,,,doujinshi,original,,no penetration,32,2026-02-01 18:45:16,2026-02-01 18:45:16,2026-02-02 14:01:42
627071,[Oroboy] Ane ga Tomodachi to Yaru,[オロボーイ] 姉が友達とヤる,Ane ga Tomodachi to Yaru,japanese,,oroboy,doujinshi,original,,"sweating, big breasts, nakadashi, hairy, full color, tanlines, filming, mosaic censorship, voyeurism, sole female, beauty mark, netorase",22,2026-02-01 18:46:45,2026-02-01 18:46:45,2026-02-02 14:01:43
627072,[Punpunn] Delinquent step sis (Part 1) [Bleached],,Delinquent step sis,"japanese, english",punpunn,,doujinshi,original,,"inseki, cunnilingus, emotionless sex, uncensored, artistcg, hairy, defloration, incest, paizuri, sister, big penis, sole female, sole male, bald, redraw, nipple stimulation",27,2026-02-01 18:48:56,2026-02-01 18:48:56,2026-02-02 14:01:44
627073,My boyfriend will be a woman,私の彼氏は女になる,My boyfriend will be a woman,japanese,,makura,doujinshi,original,,"females only, artistcg, yuri, gender change",163,2026-02-01 18:58:57,2026-02-01 18:58:57,2026-02-02 14:01:44
627074,"When I woke up, I had swapped bodies with a girl from my class",目が覚めたら同級生の女の子と入れ替わっていた,"When I woke up, I had swapped bodies with a girl from my class",japanese,,makura,doujinshi,original,,"females only, artistcg, yuri, gender change",160,2026-02-01 19:08:09,2026-02-01 19:08:09,2026-02-02 14:01:45
627075,The day I became a woman for my favorite teacher,好きな先生のために女になった日,The day I became a woman for my favorite teacher,japanese,,makura,doujinshi,original,,"artistcg, yuri, mosaic censorship, gender change",95,2026-02-01 19:13:57,2026-02-01 19:13:57,2026-02-02 14:01:46
627076,JD Kowloon Dance and the Apartment Killer: A Story of Becoming a Girl and Being 'Made into a Work',JD九龍舞とアパート・キラー 女体化して作品にされちゃうお話,JD Kowloon Dance and the Apartment Killer: A Story of Becoming a Girl and Being 'Made into a Work',japanese,,,doujinshi,original,,"yuri, gender change",50,2026-02-01 19:16:56,2026-02-01 19:16:56,2026-02-02 14:01:47
627077,[しーまん]美鶴[廉价汉化组],[しーまん]美鶴[廉价汉化组],美鶴,"translated, chinese",si-man,,doujinshi,persona 3,mitsuru kirijo,"sweating, scat, big breasts, infantilism, hairy, smell, nose hook, sole female, eye-covering bang",43,2026-02-01 19:19:37,2026-02-01 19:19:37,2026-02-02 14:01:47
627078,[Punpunn] Delinquent Step Sis (Part 2) [Bleached],,Delinquent Step Sis,english,punpunn,,doujinshi,original,,"uncensored, nakadashi, artistcg, incest, sister, big penis, stomach deformation, sole female, sole male, bald, redraw, nipple stimulation",24,2026-02-01 19:21:07,2026-02-01 19:21:07,2026-02-02 14:01:48
627079,"When Two Transsexual Girls Meet, They Have No Choice But to Have Lesbian Sex, Right? ～Soap Play Edition～",TSっ娘同士が出会ったらレズセックスするしかないよね。ソープごっこ編,"When Two Transsexual Girls Meet, They Have No Choice But to Have Lesbian Sex, Right? ～Soap Play Edition～",japanese,,,doujinshi,original,,"females only, artistcg, yuri, gender change",48,2026-02-01 19:24:15,2026-02-01 19:24:15,2026-02-02 14:01:49
627080,[Semakute Kurai (Kyouan)] Ecchi na joushiki o uetsukerarechau Onnanoko [MTL],,Ecchi na joushiki o uetsukerarechau Onnanoko,"english, translated",kyouan,,doujinshi,original,,"scanmark, smell, smegma, rough translation",136,2026-02-01 19:32:27,2026-02-01 19:32:27,2026-02-02 14:01:49
627081,[Mahjong Yugen Co. Ltd 58 (Tabigarasu)] Boku no Watashi no Mash | 我的我的玛修后辈 (Fate/Grand Order) [Chinese] [Digital],[麻雀有限会社58 (旅烏)] 僕の私のマシュ (Fate/Grand Order) [中国翻訳] [DL版],Boku no Watashi no Mash | 我的我的玛修后辈,"translated, chinese",tabigarasu,mahjong yugen co.ltd 58,doujinshi,fate grand order,"shielder | mash kyrielight, gudao | ritsuka fujimaru","big breasts, glasses, big areolae, sole female, sole male, eye-covering bang, extraneous ads",34,2026-02-01 19:34:43,2026-02-01 19:34:43,2026-02-02 14:01:50
627082,[Kumao Mofumofu] Mebuki sparkle [Digital],[熊尾もふもふ] 雌吹きスパークル [DL版],Mebuki sparkle,japanese,hanao. | kumao mofumofu,,manga,,,"futanari, big breasts, nun, miko, witch, magical girl, group, schoolgirl uniform, prostitution, nakadashi, ahegao, anal, x-ray, double penetration, tankoubon, stockings, rape, impregnation, blowjob, tentacles, kemonomimi, tail, dickgirl on female",186,2026-02-01 19:46:17,2026-02-01 19:46:17,2026-02-02 14:01:51
627083,"[STUDIO HUAN (Raidon)] Jimoto no Hame Tomo. ""Kinjo no Niransei Futago C, U"" | 在地砲友「住在附近的異卵雙胞胎C、U」 [Chinese]",[STUDIOふあん (来鈍)] 地元のハメ友。「近所の二卵性双子C、U」 [中国翻訳],"Jimoto no Hame Tomo. ""Kinjo no Niransei Futago C, U"" | 在地砲友「住在附近的異卵雙胞胎C、U」","translated, chinese",raidon,studio huan,doujinshi,original,,"business suit, twins, squirting, kissing, big breasts, unusual pupils, cunnilingus, group, cheating, schoolgirl uniform, nakadashi, ahegao, blowjob face, ffm threesome, hairy, exhibitionism, multi-work series, paizuri, fingering, filming, ball sucking, blowjob, sole male, shimaidon, multimouth blowjob",75,2026-02-01 19:51:02,2026-02-01 19:51:02,2026-02-02 14:01:51
627084,[Tamimaya (Tamima)] Amari Hen na Koto... Shinaide yo ne! (Princess Connect! Re:Dive) [Digital],[たみま屋 (たみま)] あまり変なこと... しないでよねっ! (プリンセスコネクト!Re:Dive) [DL版],Amari Hen na Koto... Shinaide yo ne!,japanese,tamima,tamima-ya,doujinshi,princess connect,saren sasaki,"elf, sweating, bondage, kimono, blindfold, shibari, sole female, sole male, very long hair",24,2026-02-01 19:52:44,2026-02-01 19:52:44,2026-02-02 14:01:52
627085,[MM後藤]_強制女装監禁。~先輩のお嫁さんにされた話~ [MTL],,_強制女装監禁。,"english, translated",mm gotou,,doujinshi,original,,"maid, anal, scanmark, shemale, yaoi, stockings, rough translation",141,2026-02-01 20:01:00,2026-02-01 20:01:00,2026-02-02 14:01:53
627086,[Toitoikai (Toitoi)] Shounen Kishi Mesu Ochi Choukyou [MTL],,Shounen Kishi Mesu Ochi Choukyou,"english, translated",toito,toitoikai,doujinshi,original,,"anal, scanmark, crossdressing, males only, yaoi, tomgirl, anal intercourse, rough translation",32,2026-02-01 20:03:01,2026-02-01 20:03:01,2026-02-02 14:01:54
627087,[Kusayarou] FGO MC Tokuiten - Astolfo Otokonoko & Futanari Nyotaika Hen (Fate Grand Order) [MTL],,FGO MC Tokuiten - Astolfo Otokonoko & Futanari Nyotaika Hen,"english, translated",,,doujinshi,original,,"scanmark, shemale, rough translation",64,2026-02-01 20:06:51,2026-02-01 20:06:51,2026-02-02 14:01:54
627088,[Dr. Stein]吸烟洗脑 s2 16(Smoking Hypnosis)(催眠烟),,吸烟洗脑 s2 16,chinese,dr. stein,,manga,,,"big breasts, policewoman, pantyhose, collar, webtoon",21,2026-02-01 20:08:48,2026-02-01 20:08:48,2026-02-02 14:01:55
627089,[Punpunn] Karaoke Komi [Bleached],,Karaoke Komi,english,punpunn,,doujinshi,komi-san wa komyushou desu.,shouko komi,"handjob, kissing, big breasts, netorare, uncensored, cheating, nakadashi, artistcg, big penis, sole female, sole male, bald, redraw",25,2026-02-01 20:10:23,2026-02-01 20:10:23,2026-02-02 14:01:56
627090,[Shiawase Hitotsubu (Shinozaki Ui)] Niteiru Futari wa Sensei (Saimin Oji-san) ga Daaisuki ~Jinsei Sayonara Wedding Hen~ (Blue Archive) [English],[しあわせ一粒 (篠崎うい)] 似ている2人は先生(催眠おじさん)がだ～い好き♥ ～人生さよならウェディング編～ (ブルーアーカイブ) [英訳],Niteiru Futari wa Senseiga Daaisuki,"english, translated",shinozaki ui,shiawase hitotsubu,doujinshi,blue archive,"mika misono, saori joumae","wings, big breasts, group, netorare, ffm threesome, mind control, multi-work series, big penis, bbm, deepthroat, sole male, bald, very long hair, halo",30,2026-02-01 20:12:43,2026-02-01 20:12:43,2026-02-02 14:01:56
627091,[Nyala Ponga (Sekai Saisoku no Panda)] Mesu Shasei Nyuumon 3 ~Misoji Ero Doujin Sakka (Shojo) no Onee-san ga Hajimete no Josei Senyou Massage-ten de Shuzai o Wasurete Kimochiyoku Natchau Hanashi~ [Chinese] [我愛毛毛] [Digital],[ニャリャポンガ (世界最速のパンダ)] 雌射精入門3〜三十路エロ同人作家（処女）のお姉さんがはじめての女性専用マッサージ店で取材を忘れて気持ちよくなっちゃう話〜 [中国翻訳] [DL版],Mesu Shasei Nyuumon 3,"translated, chinese",sekai saisoku no panda,nyala ponga,doujinshi,original,,"squirting, big breasts, swimsuit, nakadashi, oil, hairy, bikini, x-ray, defloration, multi-work series, big areolae, fingering, blowjob, sole female, sole male, beauty mark, eye-covering bang",56,2026-02-01 20:16:09,2026-02-01 20:16:09,2026-02-02 14:01:57
627092,[ゆりろ屋] 売られた女の子。調教されて乳首肥大化からのメス堕ちしちゃうお話。,,売られた女の子。調教されて乳首肥大化からのメス堕ちしちゃうお話。,japanese,,,doujinshi,original,,"piercing, amputee, sex toys, bondage, mosaic censorship, collar",51,2026-02-01 20:19:22,2026-02-01 20:19:22,2026-02-02 14:01:57
627093,[Tanaka Nunu] Josou-ya no Oshigoto,,Josou-ya no Oshigoto,"japanese, english",tanaka nunu,,doujinshi,original,,"crossdressing, non-h, sunglasses",14,2026-02-01 20:20:23,2026-02-01 20:20:23,2026-02-02 14:01:58
627094,Toito fanbox [MTL],,Toito fanbox,"english, translated",toitoi,,doujinshi,original,,"anal, scanmark, crossdressing, males only, yaoi, tomgirl, shotacon, anal intercourse, rough translation",190,2026-02-01 20:55:07,2026-02-01 20:55:07,2026-02-02 14:01:59
627095,[Aiue_Oka]_Mukatsuku_Gal_ni_Saimin_o_Kakeru_Hanashi [MTL],,_Mukatsuku_Gal_ni_Saimin_o_Kakeru_Hanashi,"english, translated",aiue oka,,doujinshi,original,,"scanmark, mind control, gyaru, rough translation",71,2026-02-01 20:59:48,2026-02-01 20:59:48,2026-02-02 14:01:59
627096,(Reitaisai 16) [group yuenao (yuenao)] Marisa ga Hidoi Koto Sarete Umerareru Hon (Touhou Project) [Chinese] [Dawn个人汉化],(例大祭16) [group yuenao (湯江なお)] 魔理沙がひどいことされて埋められる本 (東方Project) [中国翻訳],Marisa ga Hidoi Koto Sarete Umerareru Hon,"translated, chinese",yuenao,group yuenao,doujinshi,touhou project,marisa kirisame,"group, snuff, x-ray, rape, sole female",18,2026-02-01 21:01:09,2026-02-01 21:01:09,2026-02-02 14:02:00
627097,[KAKERU] Kagakuteki ni Sonzai Shiuru Creature Musume no Kansatsu Nisshi 9｜科学存在的人外娘观察日记 9 [琥珀汉化组] [ongoing],[KAKERU] 科学的に存在しうるクリーチャー娘の観察日誌 9 [中国翻訳],Kagakuteki ni Sonzai Shiuru Creature Musume no Kansatsu Nisshi 9｜科学存在的人外娘观察日记 9,"translated, chinese",kakeru,,manga,,,"maid, big breasts, monster girl, group, full censorship, glasses, goblin, story arc, nakadashi, lab coat, scanmark, dark skin, tankoubon, small breasts, horns, exposed clothing, nudism",32,2026-02-01 21:03:02,2026-02-01 21:03:02,2026-02-02 14:02:01
627098,[Hormone Shokudou (Arima Sekai)] Isekai Sex ~ Dosukebe Majo to Ecchi na Shiren ~ [Digital],[ホルモン食堂 (アリマセカイ)] 異世界セックス〜ドスケベ魔女とエッチな試練〜 [DL版],Isekai Sex,japanese,arima sekai,hormone shokudou,doujinshi,original,,"big breasts, witch, nakadashi, blowjob face, stockings, lingerie, blowjob, sole male, exposed clothing",51,2026-02-01 21:06:12,2026-02-01 21:06:12,2026-02-02 14:02:01
627099,Hfb-f876fae0-7d5a-48cd-968d-fbeae3af668e [MTL],,Hfb7d5a968d-fbeae3af668e,"english, translated",,dl mate,doujinshi,original,,"group, scanmark, harem, mind control, mosaic censorship, rape, rough translation",91,2026-02-01 21:12:08,2026-02-01 21:12:08,2026-02-02 14:02:02
627100,[Boundari (Sakai)] Bote Oyako~Tabetsukushi! Double Botehara Oyakodonburi!~[Chinese],[バウンダリ (さかい)] ボテおやこっ〜食べ尽くし!ダブルボテ腹親子丼ぶり!〜 [中国翻訳],Bote Oyako,"translated, chinese",sakai,boundary,doujinshi,original,,"milf, big breasts, pregnant, group, mother, cousin, multi-work series, incest, aunt, impregnation, oyakodon, bald, vaginal birth",108,2026-02-01 21:18:49,2026-02-01 21:18:49,2026-02-02 14:02:03
627101,[Tororojiru (Sou)] Namaiki na YouCha-tachi o Saimin Choukyou Shite Mita. CG Ban [English] [MTL],[とろろ汁 (そう)] 生意気な陽キャたちを催眠調教してみた。CG版 [英訳],Namaiki na YouCha-tachi o Saimin Choukyou Shite Mita. CG Ban,"english, translated",sou,,doujinshi,original,,"anal, scanmark, mind control, males only, yaoi, mosaic censorship, anal intercourse, rough translation",92,2026-02-01 21:24:27,2026-02-01 21:24:27,2026-02-02 14:02:04
627102,[sand (Asahiru Yuu)] Akogare no Moto AV Joyuu no Hitozuma Danna ni Kakurete Ore to.... | 憧憬的前AV女優人妻瞞著丈夫和我…… [Chinese] [Digital],[sand (浅ひるゆう)] 憧れの元AV女優の人妻 旦那に隠れて俺と.... [中国翻訳] [DL版],Akogare no Moto AV Joyuu no Hitozuma Danna ni Kakurete Ore to.... | 憧憬的前AV女優人妻瞞著丈夫和我……,"translated, chinese",asahiru yuu,sand,doujinshi,original,,"milf, big breasts, cheating, sole female, sole male, beauty mark, extraneous ads",29,2026-02-01 21:26:18,2026-02-01 21:26:18,2026-02-02 14:02:04
627103,[Hagurumarokuro (Silver Radish)] Oyako no himitsu zenpen musuko no himitsu [MTL],,Oyako no himitsu zenpen musuko no himitsu,"english, translated",silver radish,,doujinshi,original,,"scanmark, yaoi, rough translation",128,2026-02-01 21:33:20,2026-02-01 21:33:20,2026-02-02 14:02:05
627104,[Hagurumarokuro (Silver Radish)] Oyako no Himitsu Kouhen  Chichioya no Himitsu [MTL],,Oyako no Himitsu Kouhen  Chichioya no Himitsu,"english, translated",silver radish,hagurumarokuro,doujinshi,original,,"anal, scanmark, crossdressing, shemale, yaoi, mosaic censorship, blowjob, rough translation",113,2026-02-01 21:39:53,2026-02-01 21:39:53,2026-02-02 14:02:06
627105,"Assimilation Princess - Chain of Brainwashing Assimilation, Witches and Jewels [MTL]",,"Assimilation Princess - Chain of Brainwashing Assimilation, Witches and Jewels","english, translated",,,doujinshi,original,,"scanmark, mind control, rough translation",39,2026-02-01 21:42:23,2026-02-01 21:42:23,2026-02-02 14:02:06
627106,[Sekki Kettle Jidai (Sekki Kettle)] Idol Sennou Kaizou Tanpenshuu (THE IDOLM@STER CINDERELLA GIRLS) [MTL],,Idol Sennou Kaizou Tanpenshuu,"english, translated",,,doujinshi,the idolmaster,,"scanmark, rough translation",33,2026-02-01 21:44:31,2026-02-01 21:44:31,2026-02-02 14:02:07
627107,[Rokuichi] Skeb Goirai Manga Djeeta (Granblue Fantasy) [Chinese] [堕樱汉化组],[六壱] Skebご依頼漫画・ジータ (グランブルーファンタジー) [Chinese],Skeb Goirai Manga Djeeta,"translated, chinese",rokuichi,,doujinshi,granblue fantasy,djeeta,"piercing, sole female, genital piercing, nipple piercing",14,2026-02-01 21:45:33,2026-02-01 21:45:33,2026-02-02 14:02:07
627108,[Nyuu_Koubou]_Baitosaki_ga_Cheat_Massage-ya_Datta_Ken_EX [MTL],,_Baitosaki_ga_Cheat_Massage-ya_Datta_Ken_EX,"english, translated",,nyuu koubou,doujinshi,original,,"scanmark, rough translation",53,2026-02-01 21:48:47,2026-02-01 21:48:47,2026-02-02 14:02:08
627109,[MM] Berochuu Daisuki Mei-chan Matome 8(320～323) [Chinese] [Ongoing],[MM] べろちゅー大好きめいちゃん まとめ8(320～323) [中国翻訳],Berochuu Daisuki Mei-chan Matome 8,"translated, chinese",mmchair,,doujinshi,original,,kissing,16,2026-02-01 21:49:55,2026-02-01 21:49:55,2026-02-02 14:02:10
627110,(C107) [Jidou Hikki (Kokekokko Coma)] Atataka Sora Youbi (Blue Archive),(C107) [じどー筆記 (こけこっこ☆こま)] 温かソラようび (ブルーアーカイブ),Atataka Sora Youbi,japanese,kokekokko coma,jido-hikki,doujinshi,blue archive,sora,"lolicon, sole female, sole male, halo",27,2026-02-01 21:55:06,2026-02-01 21:55:06,2026-02-02 14:02:10
627111,[Huwahuwa Raidou] Mubōbina Tei Shinchō Bakunyū Gimai to Ichi ~yarabu Papa Katsu-gokko | 和毫无防备的娇小爆乳义妹一起玩亲密的爸爸活扮演游戏,[ふわふわらいどう] 無防備な低身長爆乳義妹といちゃらぶパパ活ごっこ,Mubōbina Tei Shinchō Bakunyū Gimai to Ichi ~yarabu Papa Katsu-gokko | 和毫无防备的娇小爆乳义妹一起玩亲密的爸爸活扮演游戏,"translated, chinese",huwahuwa raidou,,doujinshi,original,,"inseki, big breasts, schoolgirl uniform, prostitution, incest, stockings, sister, sole female, sole male",43,2026-02-01 21:57:41,2026-02-01 21:57:41,2026-02-02 14:02:11
627112,[Pixiv]_vanadium_(16312149) [MTL],,_vanadium_,"english, translated",,,doujinshi,original,,"scanmark, rough translation",70,2026-02-01 22:01:37,2026-02-01 22:01:37,2026-02-02 14:02:12
627113,[Asaomi_Shimura]_Surprise!_Crazy_Parasite_[Digital] [MTL],,_Surprise!_Crazy_Parasite_,"english, translated",asaomi shimura,,doujinshi,original,,"big breasts, scanmark, mind control, tankoubon, manga, rough translation",214,2026-02-01 22:14:39,2026-02-01 22:14:39,2026-02-02 14:02:12
627114,[Boundari (Sakai)] Boteyan EX [Chinese],[バウンダリ (さかい)] ボテヤンッEX [中国翻訳],Boteyan EX,"translated, chinese",sakai,,doujinshi,original,,"big breasts, cheating, schoolgirl uniform, multi-work series",53,2026-02-01 22:17:47,2026-02-01 22:17:47,2026-02-02 14:02:13
627115,[Sekisei_Kobo（lance-fan)]_FANBOX_Summary_Vol.01_Otoko_no_Musume_Box [MTL],,_FANBOX_Summary_Vol.01_Otoko_no_Musume_Box,"english, translated",,,doujinshi,original,,"scanmark, rough translation",84,2026-02-01 22:22:18,2026-02-01 22:22:18,2026-02-02 14:02:14
627116,[Semakute Kurai (Kyouan)] Saimin Switch | Hypnotic Switch [English] [MTL],[狭くて暗い (狭暗)] 催眠スイッチ [英訳],Saimin Switch | Hypnotic Switch,"english, translated",kyouan,semakute kurai,doujinshi,original,,"scanmark, lolicon, mind control, full color, mosaic censorship, bbm, twintails, rough translation",34,2026-02-01 22:28:28,2026-02-01 22:28:28,2026-02-02 14:02:14
627117,[WHITEWILL] Yaritai hō Dai no Oshi-goto,[WHITEWILL] ヤりたいほうだいのおしごと,Yaritai hō Dai no Oshi-goto,japanese,,whitewill,doujinshi,original,,"big breasts, dark skin, full color, mosaic censorship, muscle",40,2026-02-01 22:31:01,2026-02-01 22:31:01,2026-02-02 14:02:15
627118,[Azi Dahaka] Saimin! Josou Gitei ♂Namaiki na Otouto o Ore no Kanojo ni Shite Mita♂ [English] [MTL],[アジダハーカ] 催眠っ!女装義弟 ♂生意気な弟をオレのカノジョにしてみた♂ [英訳],Saimin! Josou Gitei ♂Namaiki na Otouto o Ore no Kanojo ni Shite Mita♂,"english, translated",,azi dahaka,doujinshi,original,,"schoolgirl uniform, anal, scanmark, crossdressing, mind control, yaoi, mosaic censorship, tomgirl, rough translation",161,2026-02-01 22:40:26,2026-02-01 22:40:26,2026-02-02 14:02:16
627119,[Kome Nouka (Komezawa)] Kimi no Kareshi ni Naru Hazu datta. 6 [English],[こめ農家 (こめざわ)] 君の彼氏になるはずだった。(6) [英訳],Kimi no Kareshi ni Naru Hazu datta. 6,"english, translated",komezawa,kome nouka,doujinshi,original,,"anal, scanmark, multi-work series, males only, yaoi, tomgirl, anal intercourse, rough translation",36,2026-02-01 22:44:49,2026-02-01 22:44:49,2026-02-02 14:02:16
627120,(C97) [Kome Nouka (Komezawa)] Kimi no Kareshi ni Naru Hazu datta. 5 [English] [MTL],(C97) [こめ農家 (こめざわ)] 君の彼氏になるはずだった。5 [英訳],Kimi no Kareshi ni Naru Hazu datta. 5,"english, translated",komezawa,kome nouka,doujinshi,original,,"swimsuit, anal, scanmark, crossdressing, bikini, multi-work series, males only, yaoi, stockings, tomgirl, rough translation",24,2026-02-01 22:46:29,2026-02-01 22:46:29,2026-02-02 14:02:17
627121,(C96) [Kome Nouka (Komezawa)] Kimi no Kareshi ni Naru Hazu datta. 4 [English] [MTL],(C96) [こめ農家 (こめざわ)] 君の彼氏になるはずだった。4 [英訳],Kimi no Kareshi ni Naru Hazu datta. 4,"english, translated",komezawa,kome nouka,doujinshi,original,,"maid, garter belt, anal, scanmark, crossdressing, multi-work series, males only, yaoi, stockings, tomgirl, rough translation",26,2026-02-01 22:48:21,2026-02-01 22:48:21,2026-02-02 14:02:18
627122,[Kyockcho] Kaede to Suzu Melonbooks Kounyuu Tokuten Shousasshi,[きょくちょ] 楓と鈴 メロンブックス購入特典小冊子,Kaede to Suzu Melonbooks Kounyuu Tokuten Shousasshi,japanese,kyockcho,,manga,,,"twins, bunny girl, stockings, artbook, christmas",8,2026-02-01 22:49:01,2026-02-01 22:49:01,2026-02-02 14:02:19
627123,[Zerozero] Yuri Sennou Goudoushi 2 GoMitari [MTL],,Yuri Sennou Goudoushi 2 GoMitari,"english, translated",,,doujinshi,original,,"scanmark, rough translation",9,2026-02-01 22:49:40,2026-02-01 22:49:40,2026-02-02 14:02:19
627124,[Wanwan Bakufu (Kitajima Yuuki)] Josou Danshi no Chinchin ga Suki Sugiru | I Absolutely Adore the Dicks of Crossdressing Guys! [English] [MTL],[わんわん幕府 (きたじまゆうき)] 女装男子のちんちんが好きすぎる [英訳],Josou Danshi no Chinchin ga Suki Sugiru | I Absolutely Adore the Dicks of Crossdressing Guys!,"english, translated",kitajima yuuki,wanwan bakufu,doujinshi,original,,"anal, scanmark, crossdressing, males only, yaoi, stockings, tomgirl, beauty mark, twintails, anal intercourse, rough translation",30,2026-02-01 22:51:32,2026-02-01 22:51:32,2026-02-02 14:02:20
627125,[Clesta (Cle Masahiro)] 2-nen E-gumi Zenin Succubus Shusseki Bangou 5-ban Onihara Mei no Baai [English] [SDTLs] [Digital] [Decensored],[クレスタ (呉マサヒロ)] 2年E組全員淫魔 出席番号5番 穂仁原芽依の場合 [英訳] [DL版],2gumi Zenin Succubus Shusseki Bangou 5-ban Onihara Mei no Baai,"english, translated",cle masahiro,clesta,doujinshi,original,,"squirting, big breasts, glasses, uncensored, schoolgirl uniform, multi-work series, fingering, teacher, blowjob, deepthroat, sole male, multiple orgasms, infirmary",56,2026-02-01 22:54:57,2026-02-01 22:54:57,2026-02-02 14:02:21
627126,[Manga Kissa Seto (Seto Ryoko)] Naisho no An-chan [English] [MTL] [Digital],[漫画喫茶瀬戸 (瀬戸涼子)] 内緒の杏ちゃん [英訳] [DL版],Naisho no An-chan,"english, translated",seto ryouko,manga kissa seto,doujinshi,original,,"anal, scanmark, crossdressing, males only, yaoi, tomgirl, anal intercourse, rough translation",115,2026-02-01 23:01:51,2026-02-01 23:01:51,2026-02-02 14:02:22
627127,"[Flaming Dragon (Bouto)] Tsuyoi Sensha no Kowashikata Sono 1 -Ooarai Joshi Gakuen Nishizumi Miho Taichou no Baai- | How to Destroy a Strong Tank Part 1: The Case of Miho Nishizumi, Commander of Ooarai Girls' Academy (Girls und Panzer) [English] [MTL] [Digital]",[フレイミングドラゴン (帽都)] つよい戦車の壊し方 その1 ‐大洗女子学園 西住みほ隊長の場合‐ (ガールズ&パンツァー) [英訳] [DL版],"Tsuyoi Sensha no Kowashikata Sono 1| How to Destroy a Strong Tank Part 1: The Case of Miho Nishizumi, Commander of Ooarai Girls' Academy","english, translated",bouto,flaming dragon,doujinshi,girls und panzer,miho nishizumi,"piercing, group, sex toys, scanmark, bondage, stockings, shibari, rough translation, defaced",23,2026-02-01 23:03:29,2026-02-01 23:03:29,2026-02-02 14:02:23
627128,[Anthology] Otoko no Ko-llection! S AD Saiin Kakerare Otokonoko!! [English] [MTL] [Digital],[アンソロジー] 男の娘・れくしょんッ！S AD 催淫掛けられ男の娘！！ [英訳] [DL版],Otoko no Ko-llection! S AD Saiin Kakerare Otokonoko!!,"english, translated","hayashida toranosuke, palco nagashima, nyantarous, marui shiro | shikakui kuromaru, okuta kei, yasumi, snow, miduki amane",,manga,,,"schoolgirl uniform, anthology, anal, scanmark, crossdressing, mind control, males only, yaoi, stockings, tomgirl, petplay, anal intercourse, rough translation, defaced",130,2026-02-01 23:11:47,2026-02-01 23:11:47,2026-02-02 14:02:23
627129,[Straw] Yumi no Ryuugaku | 由美的留学生活 [Chinese] [Ongoing],[ストロー] 由美の留学 [中国翻訳] [進行中],Yumi no Ryuugaku | 由美的留学生活,"translated, chinese",straw,,doujinshi,original,,"bdsm, kissing, big breasts, corruption, piercing, netorare, story arc, cheating, prostitution, condom, moral degeneration, dark skin, full color, drugs, stockings, gokkun, mosaic censorship, hotpants, impregnation, blowjob, muscle, big penis, makeup, large tattoo, painted nails",135,2026-02-01 23:19:45,2026-02-01 23:19:45,2026-02-02 14:02:24
627130,[UkiSystem] Mamagui Vol. 1 [English][MTL],,Mamagui Vol. 1,"japanese, english, translated",,ukisystem,doujinshi,original,,"milf, netorare, scanmark, bondage, mother, incest, blowjob, shotacon",72,2026-02-01 23:32:57,2026-02-01 23:32:57,2026-02-02 14:02:25
627131,[Honda Formalin] Kirito Saimin TS KimoOta no Botebara Yomeochi (Sword Art Online) [English] [MTL],[本田ホルマリン] キリト・催眠TSキモオタのボテ腹嫁堕ち (ソードアート・オンライン) [英訳],Kirito Saimin TS KimoOta no Botebara Yomeochi,"english, translated",honda formalin,,doujinshi,sword art online,kazuto kirigaya | kirito,"anal, scanmark, crossdressing, mind control, yaoi, lingerie, feminization, sole dickgirl, anal intercourse, gender morph, exposed clothing, gender change, rough translation",59,2026-02-01 23:36:19,2026-02-01 23:36:19,2026-02-02 14:02:26
627132,[Mocchimochiya (caruta)] Yan Mama SEX Douisho -Nakadashi Chuui!?- | Young Mom Sex Consent Form — Creampie Warning!? [English],[もっちもち屋 (caruta)] ヤンママSEX同意書-中出し注意！？- [英訳],Yan Mama SEX Douisho| Young Mom Sex Consent Form — Creampie Warning!?,"english, translated",caruta,mocchimochiya,doujinshi,original,,"milf, netorare, sole female, sole male, beauty mark, rough translation",47,2026-02-01 23:39:16,2026-02-01 23:39:16,2026-02-02 14:02:26
627133,[安藤周記] 退魔忍サキ、参る！ (学園アイドルマスター),[安藤周記] 退魔忍サキ、参る！ (学園アイドルマスター),退魔忍サキ、参る！,japanese,andou shuki,,doujinshi,the idolmaster,saki hanami,"artistcg, tentacles",56,2026-02-01 23:42:48,2026-02-01 23:42:48,2026-02-02 14:02:27
627134,[Osuwaani] Request Itadaita Mono desu (Ichigo 100%),[オスワーニ] リクエストいただいたものです (いちご100％),Request Itadaita Mono desu,japanese,osuwaani,,doujinshi,ichigo 100 | strawberry 100,satsuki kitaoji,"big breasts, x-ray, sole female, sole male",2,2026-02-01 23:43:09,2026-02-01 23:43:09,2026-02-02 14:02:28
627135,[Koufuku Moyashitei (Mariadon)] U149 Seiheki Oekaki Hon (THE IDOLM@STER CINDERELLA GIRLS) [Digital],[幸福もやし亭 (まりあ丼)] ゆーいちよんきゅーせーへきおえかき本 (アイドルマスター シンデレラガールズ) [DL版],U149 Seiheki Oekaki Hon,japanese,,,doujinshi,the idolmaster,,"lolicon, full color",26,2026-02-01 23:48:35,2026-02-01 23:48:35,2026-02-02 14:02:29
627136,(C107) [Shougentei (Kuon)] MinneaCal (Kantai Collection -KanColle-),(C107) [翔玄亭 (久遠)] みねかる (艦隊これくしょん -艦これ-),MinneaCal,japanese,kuon,shougentei,doujinshi,kantai collection,"teitoku, minneapolis, tuscaloosa","ffm threesome, cosplaying, sole male",34,2026-02-01 23:50:42,2026-02-01 23:50:42,2026-02-02 14:02:29
